Nr.,Titlu Produs,Brand,Material,Preț Oficial (LEI),Cale Imagine Locală,URL Master Slab,URL Produs top-blat.ro
1,Absolute Black – Ceramica Atlas Plan,Atlas Plan,Ceramică Sinterizată,"2.448,000 lei/mp",culori_quartz/images/absolute-black-ceramica-atlas-plan.webp,https://top-blat.ro/wp-content/uploads/2025/11/ABSOLUTE-BLACK-2-ATLAS-PLAN.webp,https://top-blat.ro/produs/absolute-black-ceramica-atlas-plan/
2,Absolute White – Ceramica Atlas Plan,Atlas Plan,Ceramică Sinterizată,"2.448,000 lei/mp",culori_quartz/images/absolute-white-ceramica-atlas-plan.webp,https://top-blat.ro/wp-content/uploads/2025/11/ABSOLUTE-WHITE-2-ATLAS-PLAN.webp,https://top-blat.ro/produs/absolute-white-ceramica-atlas-plan/
3,Alba Via – Quartz Coante,Coante,Cuarț Compozit,"2.235,789 lei/mp",culori_quartz/images/alba-via-quartz-coante.avif,https://top-blat.ro/wp-content/uploads/2024/03/Alba-Via-quartz-compozit.avif,https://top-blat.ro/produs/alba-via-quartz-coante/
4,Alpin – Quartz Cimstone,Cimstone,Cuarț Compozit,"2.218,500 lei/mp",culori_quartz/images/alpin-quartz-cimstone.avif,https://top-blat.ro/wp-content/uploads/2025/10/ALPIN-CIMSTONE.avif,https://top-blat.ro/produs/alpin-quartz-cimstone/
5,Alpina White – Quartz Silestone,Silestone,Cuarț Compozit,"4.766,409 lei/mp",culori_quartz/images/alpina-white-quartz-silestone.avif,https://top-blat.ro/wp-content/uploads/2025/10/ALPINA-WHITE-2-SILESTONE.avif,https://top-blat.ro/produs/alpina-white-quartz-silestone/
6,Alpinus – Ceramica Atlas Plan,Atlas Plan,Ceramică Sinterizată,"2.448,000 lei/mp",culori_quartz/images/alpinus-ceramica-atlas-plan.webp,https://top-blat.ro/wp-content/uploads/2025/10/ALPINUS-2-ATLAS-PLAN-1.webp,https://top-blat.ro/produs/alpinus-ceramica-atlas-plan/
7,Altamonte – Quartz Technistone,Technistone,Cuarț Compozit,"3.424,701 lei/mp",culori_quartz/images/altamonte-quartz-technistone.avif,https://top-blat.ro/wp-content/uploads/2025/10/ALTAMONTE-3-TECHNISTONE.avif,https://top-blat.ro/produs/altamonte-quartz-technistone/
8,Amanos – Quartz Cimstone,Cimstone,Cuarț Compozit,"2.218,500 lei/mp",culori_quartz/images/amanos-quartz-cimstone.avif,https://top-blat.ro/wp-content/uploads/2025/10/AMANOS-CIMSTONE.avif,https://top-blat.ro/produs/amanos-quartz-cimstone/
9,Appennino – Ceramica Atlas Plan,Atlas Plan,Ceramică Sinterizată,"2.448,000 lei/mp",culori_quartz/images/appennino-ceramica-atlas-plan.webp,https://top-blat.ro/wp-content/uploads/2025/10/APPENNINO-2-ATLAS-PLAN.webp,https://top-blat.ro/produs/appennino-ceramica-atlas-plan/
10,Arcadia – Quartz Cimstone,Cimstone,Cuarț Compozit,"2.218,500 lei/mp",culori_quartz/images/arcadia-quartz-cimstone.avif,https://top-blat.ro/wp-content/uploads/2025/10/ARCADIA-CIMSTONE.avif,https://top-blat.ro/produs/arcadia-quartz-cimstone/
11,Arcilla Red – Quartz Silestone,Silestone,Cuarț Compozit,"6.380,049 lei/mp",culori_quartz/images/arcilla-red-quartz-silestone.avif,https://top-blat.ro/wp-content/uploads/2025/10/ARCILLA-RED-2-SILESTONE.avif,https://top-blat.ro/produs/arcilla-red-quartz-silestone/
12,Arden Blue – Quartz Silestone,Silestone,Cuarț Compozit,"3.847,899 lei/mp",culori_quartz/images/arden-blue-quartz-silestone.avif,https://top-blat.ro/wp-content/uploads/2025/10/ARDEN-BLUE-2-SILESTONE.avif,https://top-blat.ro/produs/arden-blue-quartz-silestone/
13,Ardesia Bianco a Spacco – Ceramica Laminam,Laminam,Ceramică Sinterizată,"2.210,340 lei/mp",culori_quartz/images/ardesia-bianco-a-spacco-ceramica-laminam.avif,https://top-blat.ro/wp-content/uploads/2025/10/ARDESIA-BIANCO-A-SPACCO-2-LAMINAM-2.avif,https://top-blat.ro/produs/ardesia-bianco-a-spacco-ceramica-laminam/
14,Ardesia Nero a Spacco – Ceramica Laminam,Laminam,Ceramică Sinterizată,"2.210,340 lei/mp",culori_quartz/images/ardesia-nero-a-spacco-ceramica-laminam.avif,https://top-blat.ro/wp-content/uploads/2025/10/ARDESIA-NERO-A-SPACCO-2-LAMINAM-2.avif,https://top-blat.ro/produs/ardesia-nero-a-spacco-ceramica-laminam/
15,Ares – Quartz Cimstone,Cimstone,Cuarț Compozit,"2.218,500 lei/mp",culori_quartz/images/ares-quartz-cimstone.avif,https://top-blat.ro/wp-content/uploads/2025/10/ARES-CIMSTONE.avif,https://top-blat.ro/produs/ares-quartz-cimstone/
16,Ariel – Quartz Silestone,Silestone,Cuarț Compozit,"4.766,409 lei/mp",culori_quartz/images/ariel-quartz-silestone.avif,https://top-blat.ro/wp-content/uploads/2025/10/ARIEL-2-SILESTONE.avif,https://top-blat.ro/produs/ariel-quartz-silestone/
17,Arte Black – Quartz Coante,Coante,Cuarț Compozit,"2.884,917 lei/mp",culori_quartz/images/arte-black-quartz-coante.avif,https://top-blat.ro/wp-content/uploads/2025/10/ARTE-BLACK-2-COANTE-2.avif,https://top-blat.ro/produs/arte-black-quartz-coante/
18,Baobab – Ceramica Atlas Plan,Atlas Plan,Ceramică Sinterizată,"2.448,000 lei/mp",culori_quartz/images/baobab-ceramica-atlas-plan.webp,https://top-blat.ro/wp-content/uploads/2025/10/BAOBAB-2-ATLAS-PLAN.webp,https://top-blat.ro/produs/baobab-ceramica-atlas-plan/
19,Barents – Quartz Cimstone,Cimstone,Cuarț Compozit,"2.218,500 lei/mp",culori_quartz/images/barents-quartz-cimstone.avif,https://top-blat.ro/wp-content/uploads/2025/10/BARENTS-CIMSTONE.avif,https://top-blat.ro/produs/barents-quartz-cimstone/
20,Basaltina Atlas Plan – Placa Ceramica pentru Interior,Atlas Plan,Ceramică Sinterizată,"2.448,000 lei/mp",culori_quartz/images/basaltina-atlas-plan-placa-ceramica-pentru-interior.webp,https://top-blat.ro/wp-content/uploads/2025/10/BASALTINA-VOLCANO-2-ATLAS-PLAN.webp,https://top-blat.ro/produs/basaltina-atlas-plan-placa-ceramica-pentru-interior/
21,Bianco Calacatta – Quartz Silestone,Silestone,Cuarț Compozit,"4.766,409 lei/mp",culori_quartz/images/bianco-calacatta-quartz-silestone.avif,https://top-blat.ro/wp-content/uploads/2025/10/BIANCO-CALACATTA-2-SILESTONE.avif,https://top-blat.ro/produs/bianco-calacatta-quartz-silestone/
22,Bianco Dolomite – Ceramica Atlas Plan,Atlas Plan,Ceramică Sinterizată,"2.448,000 lei/mp",culori_quartz/images/bianco-dolomite-ceramica-atlas-plan.webp,https://top-blat.ro/wp-content/uploads/2025/10/BIANCO-DOLOMITE-2-ATLAS-PLAN.webp,https://top-blat.ro/produs/bianco-dolomite-ceramica-atlas-plan/
23,Bianco Lasa Lucidato – Ceramica Laminam,Laminam,Ceramică Sinterizată,"2.268,888 lei/mp",culori_quartz/images/bianco-lasa-lucidato-ceramica-laminam.avif,https://top-blat.ro/wp-content/uploads/2025/10/BIANCO-LASA-LUCIDATO-2-LAMINAM-2.avif,https://top-blat.ro/produs/bianco-lasa-lucidato-ceramica-laminam/
24,Bianco Statuario Venato Soft Touch BM – Ceramica Laminam,Laminam,Ceramică Sinterizată,"2.268,888 lei/mp",culori_quartz/images/bianco-statuario-venato-soft-touch-bm-ceramica-laminam.avif,https://top-blat.ro/wp-content/uploads/2025/10/BIANCO-STATUARIO-VENETO-SOFT-TOUCH-BM-2-LAMINAM-2.avif,https://top-blat.ro/produs/bianco-statuario-venato-soft-touch-bm-ceramica-laminam/
25,Black Atlantis – Ceramica Atlas Plan,Atlas Plan,Ceramică Sinterizată,"2.448,000 lei/mp",culori_quartz/images/black-atlantis-ceramica-atlas-plan.webp,https://top-blat.ro/wp-content/uploads/2025/10/BLACK-ATLANTIS-2-ATLAS-PLAN.webp,https://top-blat.ro/produs/black-atlantis-ceramica-atlas-plan/
26,Black Lava – Ceramica Atlas Plan,Atlas Plan,Ceramică Sinterizată,"2.448,000 lei/mp",culori_quartz/images/black-lava-ceramica-atlas-plan.webp,https://top-blat.ro/wp-content/uploads/2025/11/BLACK-LAVA-2-ATLAS-PLAN.webp,https://top-blat.ro/produs/black-lava-ceramica-atlas-plan/
27,Black Tempest – Ceramica Atlas Plan,Atlas Plan,Ceramică Sinterizată,"2.448,000 lei/mp",culori_quartz/images/black-tempest-ceramica-atlas-plan.webp,https://top-blat.ro/wp-content/uploads/2025/10/BLACK-TEMPEST-2-ATLAS-PLAN.webp,https://top-blat.ro/produs/black-tempest-ceramica-atlas-plan/
28,Blanco City – Quartz Silestone,Silestone,Cuarț Compozit,"3.847,899 lei/mp",culori_quartz/images/blanco-city-quartz-silestone.avif,https://top-blat.ro/wp-content/uploads/2025/10/BLANCO-CITY-2-SILESTONE.avif,https://top-blat.ro/produs/blanco-city-quartz-silestone/
29,Blanco Maple – Quartz Silestone,Silestone,Cuarț Compozit,"4.418,844 lei/mp",culori_quartz/images/blanco-maple-quartz-silestone.avif,https://top-blat.ro/wp-content/uploads/2025/10/BLANCO-MAPLE-2-SILESTONE.avif,https://top-blat.ro/produs/blanco-maple-quartz-silestone/
30,Blanco Norte – Quartz Silestone,Silestone,Cuarț Compozit,"4.418,844 lei/mp",culori_quartz/images/blanco-norte-quartz-silestone.avif,https://top-blat.ro/wp-content/uploads/2025/10/BLANCO-NORTE-2-SILESTONE.avif,https://top-blat.ro/produs/blanco-norte-quartz-silestone/
31,Blanco Orion – Quartz Silestone,Silestone,Cuarț Compozit,"6.380,049 lei/mp",culori_quartz/images/blanco-orion-quartz-silestone.avif,https://top-blat.ro/wp-content/uploads/2025/10/BLANCO-ORION-2-SILESTONE.avif,https://top-blat.ro/produs/blanco-orion-quartz-silestone/
32,Blanco Zeus – Quartz Silestone,Silestone,Cuarț Compozit,"6.380,049 lei/mp",culori_quartz/images/blanco-zeus-quartz-silestone.avif,https://top-blat.ro/wp-content/uploads/2025/10/BLANCO-ZEUS-2-SILESTONE.avif,https://top-blat.ro/produs/blanco-zeus-quartz-silestone/
33,Blaze Iron – Ceramic Atlas Plan,Atlas Plan,Ceramică Sinterizată,"2.448,000 lei/mp",culori_quartz/images/blaze-iron-ceramic-atlas-plan.webp,https://top-blat.ro/wp-content/uploads/2025/11/BLAZE-IRON-2-ATLAS-PLAN.webp,https://top-blat.ro/produs/blaze-iron-ceramic-atlas-plan/
34,Bohemian Flame – Quartz Silestone,Silestone,Cuarț Compozit,"9.309,387 lei/mp",culori_quartz/images/bohemian-flame-quartz-silestone.avif,https://top-blat.ro/wp-content/uploads/2025/10/BOHEMIAN-FLAME-2-SILESTONE.avif,https://top-blat.ro/produs/bohemian-flame-quartz-silestone/
35,Boost Balance Ash – Ceramica Atlas Plan,Atlas Plan,Ceramică Sinterizată,"2.448,000 lei/mp",culori_quartz/images/boost-balance-ash-ceramica-atlas-plan.webp,https://top-blat.ro/wp-content/uploads/2025/11/BOOST-BALANCE-ASH-2-ATLAS-PLAN.webp,https://top-blat.ro/produs/boost-balance-ash-ceramica-atlas-plan/
36,Boost Grey – Ceramica Atlas Plan,Atlas Plan,Ceramică Sinterizată,"2.448,000 lei/mp",culori_quartz/images/boost-grey-ceramica-atlas-plan.webp,https://top-blat.ro/wp-content/uploads/2025/11/BOOST-GREY-2-ATLAS-PLAN.webp,https://top-blat.ro/produs/boost-grey-ceramica-atlas-plan/
37,Boost Icor Bone – Ceramica Atlas Plan,Atlas Plan,Ceramică Sinterizată,"2.448,000 lei/mp",culori_quartz/images/boost-icor-bone-ceramica-atlas-plan.webp,https://top-blat.ro/wp-content/uploads/2025/10/BOOST-ICOR-BONE-2-ATLAS-PLAN.webp,https://top-blat.ro/produs/boost-icor-bone-ceramica-atlas-plan/
38,Boost Icor Dune – Ceramica Atlas Plan,Atlas Plan,Ceramică Sinterizată,"2.448,000 lei/mp",culori_quartz/images/boost-icor-dune-ceramica-atlas-plan.webp,https://top-blat.ro/wp-content/uploads/2025/10/BOOST-ICOR-DUNE-2-ATLAS-PLAN.webp,https://top-blat.ro/produs/boost-icor-dune-ceramica-atlas-plan/
39,Boost Mineral Grey – Ceramica Atlas Plan,Atlas Plan,Ceramică Sinterizată,"2.448,000 lei/mp",culori_quartz/images/boost-mineral-grey-ceramica-atlas-plan.webp,https://top-blat.ro/wp-content/uploads/2025/10/BOOST-MINERAL-GREY-2-ATLAS-PLAN.webp,https://top-blat.ro/produs/boost-mineral-grey-ceramica-atlas-plan/
40,Boost Natural Ecru – Ceramica Atlas Plan,Atlas Plan,Ceramică Sinterizată,"2.448,000 lei/mp",culori_quartz/images/boost-natural-ecru-ceramica-atlas-plan.webp,https://top-blat.ro/wp-content/uploads/2025/11/BOOST-NATURAL-ECRU-2-ATLAS-PLAN.webp,https://top-blat.ro/produs/boost-natural-ecru-ceramica-atlas-plan/
41,Boost Natural Kaolin – Ceramica Atlas Plan,Atlas Plan,Ceramică Sinterizată,"2.448,000 lei/mp",culori_quartz/images/boost-natural-kaolin-ceramica-atlas-plan.webp,https://top-blat.ro/wp-content/uploads/2025/10/BOOST-NATURAL-KAOLIN-2-ATLAS-PLAN.webp,https://top-blat.ro/produs/boost-natural-kaolin-ceramica-atlas-plan/
42,Boost Natural Pro Sand – Ceramica Atlas Plan,Atlas Plan,Ceramică Sinterizată,"2.448,000 lei/mp",culori_quartz/images/boost-natural-pro-sand-ceramica-atlas-plan.webp,https://top-blat.ro/wp-content/uploads/2025/11/BOOST-NATURAL-PRO-SAND-2-ATLAS-PLAN.webp,https://top-blat.ro/produs/boost-natural-pro-sand-ceramica-atlas-plan/
43,Boost Smoke – Ceramica Atlas Plan,Atlas Plan,Ceramică Sinterizată,"2.448,000 lei/mp",culori_quartz/images/boost-smoke-ceramica-atlas-plan.webp,https://top-blat.ro/wp-content/uploads/2025/11/BOOST-SMOKE-2-ATLAS-PLAN.webp,https://top-blat.ro/produs/boost-smoke-ceramica-atlas-plan/
44,Boost Stone Ivory – Ceramica Atlas Plan,Atlas Plan,Ceramică Sinterizată,"2.448,000 lei/mp",culori_quartz/images/boost-icor-stone-ivory-ceramica-atlas-plan.webp,https://top-blat.ro/wp-content/uploads/2025/10/BOOST-STONE-IVORY-2-ATLAS-PLAN.webp,https://top-blat.ro/produs/boost-icor-stone-ivory-ceramica-atlas-plan/
45,Boost Tarmac – Ceramica Atlas Plan,Atlas Plan,Ceramică Sinterizată,"2.448,000 lei/mp",culori_quartz/images/boost-tarmac-ceramica-atlas-plan.webp,https://top-blat.ro/wp-content/uploads/2025/11/BOOST-TARMAC-2-ATLAS-PLAN.webp,https://top-blat.ro/produs/boost-tarmac-ceramica-atlas-plan/
46,Boost Vision Camel – Ceramica Atlas Plan,Atlas Plan,Ceramică Sinterizată,"2.448,000 lei/mp",culori_quartz/images/boost-vision-camel-ceramica-atlas-plan.webp,https://top-blat.ro/wp-content/uploads/2025/10/BOOST-VISION-CAMEL-2-ATLAS-PLAN.webp,https://top-blat.ro/produs/boost-vision-camel-ceramica-atlas-plan/
47,Boost Vision Glow – Ceramica Atlas Plan,Atlas Plan,Ceramică Sinterizată,"2.448,000 lei/mp",culori_quartz/images/boost-vision-glow-ceramica-atlas-plan.webp,https://top-blat.ro/wp-content/uploads/2025/10/BOOST-VISION-GLOW-2-ATLAS-PLAN.webp,https://top-blat.ro/produs/boost-vision-glow-ceramica-atlas-plan/
48,Boost White – Ceramica Atlas Plan,Atlas Plan,Ceramică Sinterizată,"2.448,000 lei/mp",culori_quartz/images/boost-white-ceramica-atlas-plan.webp,https://top-blat.ro/wp-content/uploads/2025/10/BOOST-WHITE-2-ATLAS-PLAN.webp,https://top-blat.ro/produs/boost-white-ceramica-atlas-plan/
49,Boreas – Quartz Cimstone,Cimstone,Cuarț Compozit,"2.218,500 lei/mp",culori_quartz/images/boreas-quartz-cimstone.avif,https://top-blat.ro/wp-content/uploads/2025/10/BOREAS-CIMSTONE.avif,https://top-blat.ro/produs/boreas-quartz-cimstone/
50,Brass Relish – Quartz Silestone,Silestone,Cuarț Compozit,"4.766,409 lei/mp",culori_quartz/images/brass-relish-quartz-silestone.avif,https://top-blat.ro/wp-content/uploads/2025/10/BRASS-RELISH-2-SILESTONE.avif,https://top-blat.ro/produs/brass-relish-quartz-silestone/
51,Brilliant Arabesco – Quartz Technistone,Technistone,Cuarț Compozit,"2.510,220 lei/mp",culori_quartz/images/brilliant-arabesco-quartz-technistone.avif,https://top-blat.ro/wp-content/uploads/2025/10/BRILLIANT-ARABESCO-3-TECHNISTONE.avif,https://top-blat.ro/produs/brilliant-arabesco-quartz-technistone/
52,Brilliant Black – Quartz Technistone,Technistone,Cuarț Compozit,"2.376,090 lei/mp",culori_quartz/images/brilliant-black-quartz-technistone.avif,https://top-blat.ro/wp-content/uploads/2025/10/BRILLIANT-BLACK-3-TECHNISTONE.avif,https://top-blat.ro/produs/brilliant-black-quartz-technistone/
53,Brilliant White – Quartz Technistone,Technistone,Cuarț Compozit,"2.376,090 lei/mp",culori_quartz/images/brilliant-white-quartz-technistone.avif,https://top-blat.ro/wp-content/uploads/2025/10/BRILLIANT-WHITE-3-TECHNISTONE.avif,https://top-blat.ro/produs/brilliant-white-quartz-technistone/
54,Bronze Coast – Quartz Technistone,Technistone,Cuarț Compozit,"3.424,701 lei/mp",culori_quartz/images/bronze-coast-quartz-technistone.avif,https://top-blat.ro/wp-content/uploads/2025/10/BRONZE-COAST-3-TECHNISTONE.avif,https://top-blat.ro/produs/bronze-coast-quartz-technistone/
55,Cala Blue – Quartz Silestone,Silestone,Cuarț Compozit,"6.380,049 lei/mp",culori_quartz/images/cala-blue-quartz-silestone.avif,https://top-blat.ro/wp-content/uploads/2025/10/CALA-BLUE-2-SILESTONE.avif,https://top-blat.ro/produs/cala-blue-quartz-silestone/
56,Calacatta Aldeon – Calisco,Alte Decoruri,Cuarț Compozit,"2.918,832 lei/mp",culori_quartz/images/quartz-compozit-calacatta.avif,https://top-blat.ro/wp-content/uploads/2024/03/2-e1699054600666.avif,https://top-blat.ro/produs/quartz-compozit-calacatta/
57,Calacatta Antique – Ceramica Atlas Plan,Atlas Plan,Ceramică Sinterizată,"2.448,000 lei/mp",culori_quartz/images/calacatta-antique-ceramica-atlas-plan.webp,https://top-blat.ro/wp-content/uploads/2025/10/CALACATTA-ANTIQUE-2-ATLAS-PLAN.webp,https://top-blat.ro/produs/calacatta-antique-ceramica-atlas-plan/
58,Calacatta Apuano – Ceramica Atlas Plan,Atlas Plan,Ceramică Sinterizată,"2.448,000 lei/mp",culori_quartz/images/calacatta-apuano-ceramica-atlas-plan.webp,https://top-blat.ro/wp-content/uploads/2025/10/CALACATTA-APUANO-2-ATLAS-PLAN.webp,https://top-blat.ro/produs/calacatta-apuano-ceramica-atlas-plan/
59,Calacatta Bernini – Ceramica Atlas Plan,Atlas Plan,Ceramică Sinterizată,"2.448,000 lei/mp",culori_quartz/images/calacatta-bernini-ceramica-atlas-plan.webp,https://top-blat.ro/wp-content/uploads/2025/10/CALACATTA-BERNINI-2-ATLAS-PLAN.webp,https://top-blat.ro/produs/calacatta-bernini-ceramica-atlas-plan/
60,Calacatta Black Bocciardato BM – Ceramica Laminam,Laminam,Ceramică Sinterizată,"2.268,888 lei/mp",culori_quartz/images/calacatta-black-bocciardato-bm-ceramica-laminam.avif,https://top-blat.ro/wp-content/uploads/2025/10/CALACATTA-BLACK-BOCCIARDATO-BM-2-LAMINAM-2.avif,https://top-blat.ro/produs/calacatta-black-bocciardato-bm-ceramica-laminam/
61,Calacatta Delicato – Ceramica Atlas Plan,Atlas Plan,Ceramică Sinterizată,"2.448,000 lei/mp",culori_quartz/images/calacatta-delicato-ceramica-atlas-plan.webp,https://top-blat.ro/wp-content/uploads/2025/10/CALACATTA-DELICATO-2-ATLAS-PLAN.webp,https://top-blat.ro/produs/calacatta-delicato-ceramica-atlas-plan/
62,Calacatta Edera – Quartz Coante,Coante,Cuarț Compozit,"2.794,749 lei/mp",culori_quartz/images/calacatta-edera-quartz-coante.avif,https://top-blat.ro/wp-content/uploads/2025/10/CALACATTA-EDERA-2-COANTE-1.avif,https://top-blat.ro/produs/calacatta-edera-quartz-coante/
63,Calacatta Extra – Ceramica Atlas Plan,Atlas Plan,Ceramică Sinterizată,"2.448,000 lei/mp",culori_quartz/images/calacatta-extra-ceramica-atlas-plan.webp,https://top-blat.ro/wp-content/uploads/2025/10/CALACATTA-EXTRA-2-ATLAS-PLAN.webp,https://top-blat.ro/produs/calacatta-extra-ceramica-atlas-plan/
64,Calacatta Gold – Ceramica Atlas Plan,Atlas Plan,Ceramică Sinterizată,"2.448,000 lei/mp",culori_quartz/images/calacatta-gold-ceramica-atlas-plan.webp,https://top-blat.ro/wp-content/uploads/2025/10/CALACATTA-GOLD-2-ATLAS-PLAN.webp,https://top-blat.ro/produs/calacatta-gold-ceramica-atlas-plan/
65,Calacatta Imperiale – Ceramica Atlas Plan,Atlas Plan,Ceramică Sinterizată,"2.448,000 lei/mp",culori_quartz/images/calacatta-imperiale-ceramica-atlas-plan.webp,https://top-blat.ro/wp-content/uploads/2025/10/CALACATTA-IMPERIALE-2-ATLAS-PLAN.webp,https://top-blat.ro/produs/calacatta-imperiale-ceramica-atlas-plan/
66,Calacatta Meraviglia – Ceramica Atlas Plan,Atlas Plan,Ceramică Sinterizată,"2.448,000 lei/mp",culori_quartz/images/calacatta-meraviglia-ceramica-atlas-plan.webp,https://top-blat.ro/wp-content/uploads/2025/10/CALACATTA-MERAVIGLIA-2-ATLAS-PLAN.webp,https://top-blat.ro/produs/calacatta-meraviglia-ceramica-atlas-plan/
67,Calacatta Michelangelo Soft Touch – Ceramica Laminam,Laminam,Ceramică Sinterizată,"2.268,888 lei/mp",culori_quartz/images/calacatta-michelangelo-soft-touch-ceramica-laminam.avif,https://top-blat.ro/wp-content/uploads/2025/10/CALACATTA-MICHELANGELO-SOFT-TOUCH-2-LAMINAM-2.avif,https://top-blat.ro/produs/calacatta-michelangelo-soft-touch-ceramica-laminam/
68,Calacatta Miranda – Quartz Coante,Coante,Cuarț Compozit,"2.884,917 lei/mp",culori_quartz/images/calacatta-miranda-quartz-coante.avif,https://top-blat.ro/wp-content/uploads/2025/10/CALACATTA-MIRANDA-2-COANTE-1.avif,https://top-blat.ro/produs/calacatta-miranda-quartz-coante/
69,Calacatta Olympos – Quartz Technistone,Technistone,Cuarț Compozit,"3.424,701 lei/mp",culori_quartz/images/calacatta-olympos-quartz-technistone.avif,https://top-blat.ro/wp-content/uploads/2025/10/CALACATTA-OLYMPOS-3-TECHNISTONE.avif,https://top-blat.ro/produs/calacatta-olympos-quartz-technistone/
70,Calacatta Oro Venato Lucidato – Ceramica Laminam,Laminam,Ceramică Sinterizată,"2.412,606 lei/mp",culori_quartz/images/calacatta-oro-venato-lucidato-ceramica-laminam.webp,https://top-blat.ro/wp-content/uploads/2025/10/CALACATTA-ORO-VENATO-LUCIDATO-2-LAMINAM-2.webp,https://top-blat.ro/produs/calacatta-oro-venato-lucidato-ceramica-laminam/
71,Calacatta Oro Venato Soft Touch BM – Ceramica Laminam,Laminam,Ceramică Sinterizată,"2.268,888 lei/mp",culori_quartz/images/calacatta-oro-venato-soft-touch-bm-ceramica-laminam.webp,https://top-blat.ro/wp-content/uploads/2025/10/CALACATTA-ORO-VENATO-SOFT-TOUCH-2-LAMINAM-2.webp,https://top-blat.ro/produs/calacatta-oro-venato-soft-touch-bm-ceramica-laminam/
72,Calacatta Pastino – Quartz Technistone,Technistone,Cuarț Compozit,"3.424,701 lei/mp",culori_quartz/images/calacatta-pastino-quartz-technistone.avif,https://top-blat.ro/wp-content/uploads/2025/10/CALACATTA-PASTINO-3-TECHNISTONE.avif,https://top-blat.ro/produs/calacatta-pastino-quartz-technistone/
73,Calacatta Prestigio – Ceramica Atlas Plan,Atlas Plan,Ceramică Sinterizată,"2.448,000 lei/mp",culori_quartz/images/calacatta-prestigio-ceramica-atlas-plan.webp,https://top-blat.ro/wp-content/uploads/2025/10/CALACATTA-PRESTIGIO-2-ATLAS-PLAN.webp,https://top-blat.ro/produs/calacatta-prestigio-ceramica-atlas-plan/
74,Calacatta Riviera – Quartz Coante,Coante,Cuarț Compozit,"2.972,688 lei/mp",culori_quartz/images/calacatta-riviera-quartz-coante.avif,https://top-blat.ro/wp-content/uploads/2025/10/CALACATTA-RIVIERA-2-COANTE-2.avif,https://top-blat.ro/produs/calacatta-riviera-quartz-coante/
75,Calacatta Serchio – Quartz Technistone,Technistone,Cuarț Compozit,"3.424,701 lei/mp",culori_quartz/images/calacatta-serchio-quartz-technistone.avif,https://top-blat.ro/wp-content/uploads/2025/10/CALACATTA-SERCHIO-3-TECHNISTONE.avif,https://top-blat.ro/produs/calacatta-serchio-quartz-technistone/
76,Calacatta Viola – Ceramica Atlas Plan,Atlas Plan,Ceramică Sinterizată,"2.448,000 lei/mp",culori_quartz/images/calacatta-viola-ceramica-atlas-plan.webp,https://top-blat.ro/wp-content/uploads/2025/10/CALACATTA-VIOLA-2-ATLAS-PLAN.webp,https://top-blat.ro/produs/calacatta-viola-ceramica-atlas-plan/
77,Calacatta Volegno – Quartz Technistone,Technistone,Cuarț Compozit,"3.424,701 lei/mp",culori_quartz/images/calacatta-volegno-quartz-technistone.avif,https://top-blat.ro/wp-content/uploads/2025/10/CALACATTA-VOLENGO-3-TECHNISTONE.avif,https://top-blat.ro/produs/calacatta-volegno-quartz-technistone/
78,Calypso – Quartz Silestone,Silestone,Cuarț Compozit,"6.950,994 lei/mp",culori_quartz/images/calypso-quartz-silestone.avif,https://top-blat.ro/wp-content/uploads/2025/10/CALYPSO-2-SILESTONE.avif,https://top-blat.ro/produs/calypso-quartz-silestone/
79,Camden – Quartz Silestone,Silestone,Cuarț Compozit,"4.418,844 lei/mp",culori_quartz/images/camden-quartz-silestone.avif,https://top-blat.ro/wp-content/uploads/2025/10/CAMDEN-2-SILESTONE.avif,https://top-blat.ro/produs/camden-quartz-silestone/
80,Carbone – Quartz Cimstone,Cimstone,Cuarț Compozit,"2.218,500 lei/mp",culori_quartz/images/carbone-quartz-cimstone.avif,https://top-blat.ro/wp-content/uploads/2025/10/CARBONE-CIMSTONE.avif,https://top-blat.ro/produs/carbone-quartz-cimstone/
81,Carrara Oro – Quartz Coante,Coante,Cuarț Compozit,"2.647,920 lei/mp",culori_quartz/images/carrara-oro-quartz-coante.avif,https://top-blat.ro/wp-content/uploads/2025/10/CARRARA-ORO-2-COANTE-2.avif,https://top-blat.ro/produs/carrara-oro-quartz-coante/
82,Cemento Spa – Quartz Silestone,Silestone,Cuarț Compozit,"4.418,844 lei/mp",culori_quartz/images/cemento-spa-quartz-silestone.webp,https://top-blat.ro/wp-content/uploads/2025/10/CEMENTO-SPA-2-SILESTONE.webp,https://top-blat.ro/produs/cemento-spa-quartz-silestone/
83,Charcoal Soapstone – Quartz Silestone,Silestone,Cuarț Compozit,"6.380,049 lei/mp",culori_quartz/images/charcoal-soapstone-quartz-silestone.avif,https://top-blat.ro/wp-content/uploads/2025/10/CHARCOAL-SOAPSTONE-2-SILESTONE.avif,https://top-blat.ro/produs/charcoal-soapstone-quartz-silestone/
84,Cincel Grey – Quartz Silestone,Silestone,Cuarț Compozit,"6.380,049 lei/mp",culori_quartz/images/cincel-grey-quartz-silestone.avif,https://top-blat.ro/wp-content/uploads/2025/10/CINCEL-GREY-2-SILESTONE.avif,https://top-blat.ro/produs/cincel-grey-quartz-silestone/
85,Cinder Craze – Quartz Silestone,Silestone,Cuarț Compozit,"4.766,409 lei/mp",culori_quartz/images/cinder-craze-quartz-silestone.avif,https://top-blat.ro/wp-content/uploads/2025/10/CINDER-CRAZE-2-SILESTONE.avif,https://top-blat.ro/produs/cinder-craze-quartz-silestone/
86,Classic Calacatta – Quartz Silestone,Silestone,Cuarț Compozit,"6.380,049 lei/mp",culori_quartz/images/classic-calacatta-quartz-silestone.avif,https://top-blat.ro/wp-content/uploads/2025/10/CLASSIC-CALACATTA-2-SILESTONE.avif,https://top-blat.ro/produs/classic-calacatta-quartz-silestone/
87,Concrete Pulse – Quartz Silestone,Silestone,Cuarț Compozit,"4.766,409 lei/mp",culori_quartz/images/concrete-pulse-quartz-silestone.avif,https://top-blat.ro/wp-content/uploads/2025/10/CONCRETE-PULSE-2-SILESTONE.avif,https://top-blat.ro/produs/concrete-pulse-quartz-silestone/
88,Cooper Mist – Quartz Silestone,Silestone,Cuarț Compozit,"6.380,049 lei/mp",culori_quartz/images/cooper-mist-quartz-silestone.avif,https://top-blat.ro/wp-content/uploads/2025/10/COPPER-MIST-2-SILESTONE.avif,https://top-blat.ro/produs/cooper-mist-quartz-silestone/
89,Coral Clay Colour – Quartz Silestone,Silestone,Cuarț Compozit,"4.418,844 lei/mp",culori_quartz/images/coral-clay-colour-quartz-silestone.avif,https://top-blat.ro/wp-content/uploads/2025/10/CORAL-CLAY-COLOUR-2-SILESTONE.avif,https://top-blat.ro/produs/coral-clay-colour-quartz-silestone/
90,Corktown – Quartz Silestone,Silestone,Cuarț Compozit,"6.380,049 lei/mp",culori_quartz/images/corktown-quartz-silestone.avif,https://top-blat.ro/wp-content/uploads/2025/10/CORKTOWN-2-SILESTONE.avif,https://top-blat.ro/produs/corktown-quartz-silestone/
91,Cosmic – Quartz Coante,Coante,Cuarț Compozit,"1.946,721 lei/mp",culori_quartz/images/cosmic-quartz-coante.avif,https://top-blat.ro/wp-content/uploads/2024/03/cosmic-quartz-compozit.avif,https://top-blat.ro/produs/cosmic-quartz-coante/
92,Cream Prestige – Ceramica Atlas Plan,Atlas Plan,Ceramică Sinterizată,"2.448,000 lei/mp",culori_quartz/images/cream-prestige-ceramica-atlas-plan.webp,https://top-blat.ro/wp-content/uploads/2025/10/CREAM-PRESTIGE-2-ATLAS-PLAN.webp,https://top-blat.ro/produs/cream-prestige-ceramica-atlas-plan/
93,Cristallo Gold BM Carres – Ceramica Laminam,Laminam,Ceramică Sinterizată,"2.268,888 lei/mp",culori_quartz/images/cristallo-gold-bm-carres-ceramica-laminam.avif,https://top-blat.ro/wp-content/uploads/2025/10/CRISTALLO-GOLD-BM-CARESS-2-LAMINAM-2.avif,https://top-blat.ro/produs/cristallo-gold-bm-carres-ceramica-laminam/
94,Crystal Absolute White – Quartz Technistone,Technistone,Cuarț Compozit,"2.721,003 lei/mp",culori_quartz/images/crystal-absolute-white-quartz-technistone.avif,https://top-blat.ro/wp-content/uploads/2025/10/CRYSTAL-ABSOLUTE-WHITE-3-TECHNISTONE.avif,https://top-blat.ro/produs/crystal-absolute-white-quartz-technistone/
95,Crystal Anthracite Pure – Quartz Technistone,Technistone,Cuarț Compozit,"1.801,218 lei/mp",culori_quartz/images/crystal-anthracite-pure-quartz-technistone.avif,https://top-blat.ro/wp-content/uploads/2025/10/CRYSTAL-ANTHRACITE-PURE-3-TECHNISTONE.avif,https://top-blat.ro/produs/crystal-anthracite-pure-quartz-technistone/
96,Crystal Belgium – Quartz Technistone,Technistone,Cuarț Compozit,"1.571,259 lei/mp",culori_quartz/images/crystal-belgium-quartz-technistone.avif,https://top-blat.ro/wp-content/uploads/2025/10/CRYSTAL-BELGIUM-3-TECHNISTONE.avif,https://top-blat.ro/produs/crystal-belgium-quartz-technistone/
97,Crystal Calacatta Silva – Quartz Technistone,Technistone,Cuarț Compozit,"3.217,335 lei/mp",culori_quartz/images/crystal-calacatta-silva-quartz-technistone.avif,https://top-blat.ro/wp-content/uploads/2025/10/CRYSTAL-CALACATTA-SILVA-3-TECHNISTONE.avif,https://top-blat.ro/produs/crystal-calacatta-silva-quartz-technistone/
98,Crystal Carrara – Quartz Coante,Coante,Cuarț Compozit,"2.647,920 lei/mp",culori_quartz/images/crystal-carrara-quartz-coante.avif,https://top-blat.ro/wp-content/uploads/2025/10/CRYSTAL-CARRARA-2-COANTE-3.avif,https://top-blat.ro/produs/crystal-carrara-quartz-coante/
99,Crystal Diamond – Quartz Technistone,Technistone,Cuarț Compozit,"2.050,302 lei/mp",culori_quartz/images/crystal-diamond-quartz-technistone.avif,https://top-blat.ro/wp-content/uploads/2025/10/CRYSTAL-DIAMOND-3-TECHNISTONE.avif,https://top-blat.ro/produs/crystal-diamond-quartz-technistone/
100,Crystal Nevada – Quartz Technistone,Technistone,Cuarț Compozit,"1.571,259 lei/mp",culori_quartz/images/crystal-nevada-quartz-technistone.avif,https://top-blat.ro/wp-content/uploads/2025/10/CRYSTAL-NEVADA-3-TECHNISTONE.avif,https://top-blat.ro/produs/crystal-nevada-quartz-technistone/
101,Crystal Polar White – Quartz Technistone,Technistone,Cuarț Compozit,"2.210,085 lei/mp",culori_quartz/images/crystal-polar-white-quartz-technistone.avif,https://top-blat.ro/wp-content/uploads/2025/10/CRYSTAL-POLAR-WHITE-3-TECHNISTONE.avif,https://top-blat.ro/produs/crystal-polar-white-quartz-technistone/
102,Crystal Royal – Quartz Technistone,Technistone,Cuarț Compozit,"1.801,218 lei/mp",culori_quartz/images/crystal-royal-quartz-technistone.avif,https://top-blat.ro/wp-content/uploads/2025/10/CRYSTAL-ROYAL-3-TECHNISTONE.avif,https://top-blat.ro/produs/crystal-royal-quartz-technistone/
103,Crystal Vulcano – Quartz Technistone,Technistone,Cuarț Compozit,"2.210,085 lei/mp",culori_quartz/images/crystal-vulcano-quartz-technistone.avif,https://top-blat.ro/wp-content/uploads/2025/10/CRYSTAL-VULCANO-3-TECHNISTONE.avif,https://top-blat.ro/produs/crystal-vulcano-quartz-technistone/
104,Crystal White – Ceramica Atlas Plan,Atlas Plan,Ceramică Sinterizată,"2.448,000 lei/mp",culori_quartz/images/crystal-white-ceramica-atlas-plan.webp,https://top-blat.ro/wp-content/uploads/2025/10/CRYSTAL-WHITE-2-ATLAS-PLAN.webp,https://top-blat.ro/produs/crystal-white-ceramica-atlas-plan/
105,Desert Silver – Quartz Silestone,Silestone,Cuarț Compozit,"4.766,409 lei/mp",culori_quartz/images/desert-silver-quartz-silestone.avif,https://top-blat.ro/wp-content/uploads/2025/10/DESERT-SILVER-2-SILESTONE.avif,https://top-blat.ro/produs/desert-silver-quartz-silestone/
106,Desert Soul – Ceramica Atlas Plan,Atlas Plan,Ceramică Sinterizată,"2.448,000 lei/mp",culori_quartz/images/desert-soul-ceramica-atlas-plan.webp,https://top-blat.ro/wp-content/uploads/2025/10/DESERT-SOUL-2-ATLAS-PLAN-1.webp,https://top-blat.ro/produs/desert-soul-ceramica-atlas-plan/
107,Diamond Cream Natural – Ceramica Laminam,Laminam,Ceramică Sinterizată,"2.066,673 lei/mp",culori_quartz/images/diamond-cream-natural-ceramica-laminam.avif,https://top-blat.ro/wp-content/uploads/2025/10/DIAMOND-CREAM-NATURAL-2-LAMINAM-2.avif,https://top-blat.ro/produs/diamond-cream-natural-ceramica-laminam/
108,Dreamy – Quartz Coante,Coante,Cuarț Compozit,"2.083,860 lei/mp",culori_quartz/images/dreamy-quartz-coante.avif,https://top-blat.ro/wp-content/uploads/2024/03/Dreamy-quartz-compozit.avif,https://top-blat.ro/produs/dreamy-quartz-coante/
109,Eclectic Pearl – Quartz Silestone,Silestone,Cuarț Compozit,"9.309,387 lei/mp",culori_quartz/images/eclectic-pearl-quartz-silestone.avif,https://top-blat.ro/wp-content/uploads/2025/10/ECLECTIC-PEARL-2-SILESTONE.avif,https://top-blat.ro/produs/eclectic-pearl-quartz-silestone/
110,Elegance Eco Nev – Quartz Technistone,Technistone,Cuarț Compozit,"1.494,606 lei/mp",culori_quartz/images/elegance-eco-nev-quartz-technistone.avif,https://top-blat.ro/wp-content/uploads/2025/10/ELEGANCE-ECO-NEV-3-TECHNISTONE.avif,https://top-blat.ro/produs/elegance-eco-nev-quartz-technistone/
111,Elvas – Quartz Cimstone,Cimstone,Cuarț Compozit,"2.218,500 lei/mp",culori_quartz/images/elvas-quartz-cimstone.avif,https://top-blat.ro/wp-content/uploads/2025/10/ELVAS-CIMSTONE.avif,https://top-blat.ro/produs/elvas-quartz-cimstone/
112,Elysee – Quartz alb Coante,Coante,Cuarț Compozit,"1.974,159 lei/mp",culori_quartz/images/elysee-quartz-alb-coante.avif,https://top-blat.ro/wp-content/uploads/2024/03/elysee-quartz-compozit.avif,https://top-blat.ro/produs/elysee-quartz-alb-coante/
113,Et. Bella – Quartz Silestone,Silestone,Cuarț Compozit,"6.950,994 lei/mp",culori_quartz/images/et-bella-quartz-silestone.avif,https://top-blat.ro/wp-content/uploads/2025/10/ET-BELLA-2-SILESTONE.avif,https://top-blat.ro/produs/et-bella-quartz-silestone/
114,Et. Calacatta Gold – Quartz Silestone,Silestone,Cuarț Compozit,"8.316,417 lei/mp",culori_quartz/images/et-calacatta-gold-quartz-silestone.avif,https://top-blat.ro/wp-content/uploads/2025/10/ET-CALACATTA-GOLD-2-SILESTONE.avif,https://top-blat.ro/produs/et-calacatta-gold-quartz-silestone/
115,Et. Dor – Quartz Silestone,Silestone,Cuarț Compozit,"6.950,994 lei/mp",culori_quartz/images/et-dor-quartz-silestone.avif,https://top-blat.ro/wp-content/uploads/2025/10/ET-DOR-2-SILESTONE.avif,https://top-blat.ro/produs/et-dor-quartz-silestone/
116,Et. Marfil – Quartz Silestone,Silestone,Cuarț Compozit,"6.950,994 lei/mp",culori_quartz/images/et-marfil-quartz-silestone.avif,https://top-blat.ro/wp-content/uploads/2025/10/ET-MARFIL-2-SILESTONE.avif,https://top-blat.ro/produs/et-marfil-quartz-silestone/
117,Et. Marquina – Quartz Silestone,Silestone,Cuarț Compozit,"6.950,994 lei/mp",culori_quartz/images/et-marquina-quartz-silestone.avif,https://top-blat.ro/wp-content/uploads/2025/10/ET-MARQUINA-2-SILESTONE.avif,https://top-blat.ro/produs/et-marquina-quartz-silestone/
118,Et. Noir – Quartz Silestone,Silestone,Cuarț Compozit,"8.316,417 lei/mp",culori_quartz/images/et-noir-quartz-silestone.avif,https://top-blat.ro/wp-content/uploads/2025/10/ET-NOIR-2-SILESTONE.avif,https://top-blat.ro/produs/et-noir-quartz-silestone/
119,Et. Statuario – Quartz Silestone,Silestone,Cuarț Compozit,"6.950,994 lei/mp",culori_quartz/images/et-statuario-quartz-silestone.avif,https://top-blat.ro/wp-content/uploads/2025/10/ET-STATUARIO-2-SILESTONE.avif,https://top-blat.ro/produs/et-statuario-quartz-silestone/
120,Eternal Serena – Quartz Silestone,Silestone,Cuarț Compozit,"6.380,049 lei/mp",culori_quartz/images/eternal-serena-quartz-silestone.avif,https://top-blat.ro/wp-content/uploads/2025/10/ETERNAL-SERENA-2-SILESTONE.avif,https://top-blat.ro/produs/eternal-serena-quartz-silestone/
121,Ethereal Cloud – Quartz Silestone,Silestone,Cuarț Compozit,"8.316,417 lei/mp",culori_quartz/images/ethereal-cloud-quartz-silestone.avif,https://top-blat.ro/wp-content/uploads/2025/10/ETHEREAL-CLOUD-2-SILESTONE.avif,https://top-blat.ro/produs/ethereal-cloud-quartz-silestone/
122,Ethereal Dusk – Quartz Silestone,Silestone,Cuarț Compozit,"8.316,417 lei/mp",culori_quartz/images/ethereal-dusk-quartz-silestone.avif,https://top-blat.ro/wp-content/uploads/2025/10/ETHEREAL-DUSK-2-SILESTONE.avif,https://top-blat.ro/produs/ethereal-dusk-quartz-silestone/
123,Ethereal Glow – Quartz Silestone,Silestone,Cuarț Compozit,"8.316,417 lei/mp",culori_quartz/images/ethereal-glow-quartz-silestone.avif,https://top-blat.ro/wp-content/uploads/2025/10/ETHEREAL-GLOW-2-SILESTONE.avif,https://top-blat.ro/produs/ethereal-glow-quartz-silestone/
124,Ethereal Haze – Quartz Silestone,Silestone,Cuarț Compozit,"8.316,417 lei/mp",culori_quartz/images/ethereal-haze-quartz-silestone.avif,https://top-blat.ro/wp-content/uploads/2025/10/ETHEREAL-HAZE-2-SILESTONE.avif,https://top-blat.ro/produs/ethereal-haze-quartz-silestone/
125,Ethereal Indigo – Quartz Silestone,Silestone,Cuarț Compozit,"8.316,417 lei/mp",culori_quartz/images/ethereal-indigo-quartz-silestone.avif,https://top-blat.ro/wp-content/uploads/2025/10/ETHEREAL-INDIGO-2-SILESTONE.avif,https://top-blat.ro/produs/ethereal-indigo-quartz-silestone/
126,Ethereal Noctis – Quartz Silestone,Silestone,Cuarț Compozit,"8.316,417 lei/mp",culori_quartz/images/ethereal-noctis-quartz-silestone.avif,https://top-blat.ro/wp-content/uploads/2025/10/ETHEREAL-NOCTIS-2-SILESTONE.avif,https://top-blat.ro/produs/ethereal-noctis-quartz-silestone/
127,Etna – Quartz Cimstone,Cimstone,Cuarț Compozit,"2.218,500 lei/mp",culori_quartz/images/etna-quartz-cimstone.avif,https://top-blat.ro/wp-content/uploads/2025/10/ETNA-CIMSTONE.avif,https://top-blat.ro/produs/etna-quartz-cimstone/
128,Exotic Green – Ceramica Atlas Plan,Atlas Plan,Ceramică Sinterizată,"2.448,000 lei/mp",culori_quartz/images/exotic-green-ceramica-atlas-plan.webp,https://top-blat.ro/wp-content/uploads/2025/10/EXOTIC-GREEN-2-ATLAS-PLAN.webp,https://top-blat.ro/produs/exotic-green-ceramica-atlas-plan/
129,Exotic Wave – Ceramica Atlas Plan,Atlas Plan,Ceramică Sinterizată,"2.448,000 lei/mp",culori_quartz/images/exotic-wave-ceramica-atlas-plan.webp,https://top-blat.ro/wp-content/uploads/2025/10/EXOTIC-WAVE-2-ATLAS-PLAN.webp,https://top-blat.ro/produs/exotic-wave-ceramica-atlas-plan/
130,Faro White – Quartz Silestone,Silestone,Cuarț Compozit,"6.380,049 lei/mp",culori_quartz/images/faro-white-quartz-silestone.avif,https://top-blat.ro/wp-content/uploads/2025/10/FARO-WHITE-2-SILESTONE.avif,https://top-blat.ro/produs/faro-white-quartz-silestone/
131,Fior Di Bosco – Ceramica Atlas Plan,Atlas Plan,Ceramică Sinterizată,"2.448,000 lei/mp",culori_quartz/images/fior-di-bosco-ceramica-atlas-plan.webp,https://top-blat.ro/wp-content/uploads/2025/10/FIOR-DI-BOSCO-2-ATLAS-PLAN.webp,https://top-blat.ro/produs/fior-di-bosco-ceramica-atlas-plan/
132,Gaia – Quartz Coante,Coante,Cuarț Compozit,"1.974,159 lei/mp",culori_quartz/images/gaia-quartz-coante.avif,https://top-blat.ro/wp-content/uploads/2024/03/gaia-quartz-compozit.avif,https://top-blat.ro/produs/gaia-quartz-coante/
133,Glencoe – Quartz Technistone,Technistone,Cuarț Compozit,"3.424,701 lei/mp",culori_quartz/images/glencoe-quartz-technistone.avif,https://top-blat.ro/wp-content/uploads/2025/10/GLENCOE-3-TECHNISTONE.avif,https://top-blat.ro/produs/glencoe-quartz-technistone/
134,Gobi Black – Quartz Technistone,Technistone,Cuarț Compozit,"1.820,394 lei/mp",culori_quartz/images/gobi-black-quartz-technistone.avif,https://top-blat.ro/wp-content/uploads/2025/10/GOBI-BLACK-3-TECHNISTONE.avif,https://top-blat.ro/produs/gobi-black-quartz-technistone/
135,Gobi Grey – Quartz Technistone,Technistone,Cuarț Compozit,"1.571,259 lei/mp",culori_quartz/images/gobi-grey-quartz-technistone.avif,https://top-blat.ro/wp-content/uploads/2025/10/GOBI-GREY-3-TECHNISTONE-1.avif,https://top-blat.ro/produs/gobi-grey-quartz-technistone/
136,Gobi Urban – Quartz Technistone,Technistone,Cuarț Compozit,"1.571,259 lei/mp",culori_quartz/images/gobi-urban-quartz-technistone.avif,https://top-blat.ro/wp-content/uploads/2025/10/GOBI-URBAN-3-TECHNISTONE.avif,https://top-blat.ro/produs/gobi-urban-quartz-technistone/
137,Grey Stone – Ceramica Atlas Plan,Atlas Plan,Ceramică Sinterizată,"2.448,000 lei/mp",culori_quartz/images/grey-stone-ceramica-atlas-plan.webp,https://top-blat.ro/wp-content/uploads/2025/10/GREY-STONE-2-ATLAS-PLAN.webp,https://top-blat.ro/produs/grey-stone-ceramica-atlas-plan/
138,Gris Expo – Quartz Silestone,Silestone,Cuarț Compozit,"3.847,899 lei/mp",culori_quartz/images/gris-expo-quartz-silestone.avif,https://top-blat.ro/wp-content/uploads/2025/10/GRIS-EXPO-2-SILESTONE.avif,https://top-blat.ro/produs/gris-expo-quartz-silestone/
139,Halcyon – Quartz Silestone,Silestone,Cuarț Compozit,"4.766,409 lei/mp",culori_quartz/images/halcyon-quartz-silestone.avif,https://top-blat.ro/wp-content/uploads/2025/10/HALCYON-2-SILESTONE.avif,https://top-blat.ro/produs/halcyon-quartz-silestone/
140,Harmonia Navajo – Quartz Technistone,Technistone,Cuarț Compozit,"1.820,394 lei/mp",culori_quartz/images/harmonia-navajo-quartz-technistone.avif,https://top-blat.ro/wp-content/uploads/2025/10/HARMANIA-NAVAJO-3-TECHNISTONE.avif,https://top-blat.ro/produs/harmonia-navajo-quartz-technistone/
141,Helix – Quartz Silestone,Silestone,Cuarț Compozit,"6.380,049 lei/mp",culori_quartz/images/helix-quartz-silestone.avif,https://top-blat.ro/wp-content/uploads/2025/10/HELIX-2-SILESTONE.avif,https://top-blat.ro/produs/helix-quartz-silestone/
142,Hermes – Quartz Cimstone,Cimstone,Cuarț Compozit,"2.218,500 lei/mp",culori_quartz/images/hermes-quartz-cimstone.avif,https://top-blat.ro/wp-content/uploads/2025/10/HERMES-CIMSTONE.avif,https://top-blat.ro/produs/hermes-quartz-cimstone/
143,Hielo – Quartz Coante,Coante,Cuarț Compozit,"1.974,159 lei/mp",culori_quartz/images/hielo-quartz-coante.avif,https://top-blat.ro/wp-content/uploads/2024/03/Hielo-quartz-compozit.avif,https://top-blat.ro/produs/hielo-quartz-coante/
144,Hygassos – Quartz Coante,Coante,Cuarț Compozit,"2.018,019 lei/mp",culori_quartz/images/hygassos-quartz-coante.avif,https://top-blat.ro/wp-content/uploads/2024/03/hygassos-quartz-coante.avif,https://top-blat.ro/produs/hygassos-quartz-coante/
145,Ice Crystal – Ceramica Atlas Plan,Atlas Plan,Ceramică Sinterizată,"2.448,000 lei/mp",culori_quartz/images/ice-crystal-ceramica-atlas-plan.webp,https://top-blat.ro/wp-content/uploads/2025/10/ICE-CRYSTAL-2-ATLAS-PLAN.webp,https://top-blat.ro/produs/ice-crystal-ceramica-atlas-plan/
146,Iconic White – Quartz Silestone,Silestone,Cuarț Compozit,"6.950,994 lei/mp",culori_quartz/images/iconic-white-quartz-silestone.avif,https://top-blat.ro/wp-content/uploads/2025/10/ICONIC-WHITE-2-SILESTONE.avif,https://top-blat.ro/produs/iconic-white-quartz-silestone/
147,Idyma – Quartz Coante,Coante,Cuarț Compozit,"2.018,019 lei/mp",culori_quartz/images/idyma-quartz-coante.avif,https://top-blat.ro/wp-content/uploads/2024/03/idyma-coante.avif,https://top-blat.ro/produs/idyma-quartz-coante/
148,Iglo – Quartz Cimstone,Cimstone,Cuarț Compozit,"2.218,500 lei/mp",culori_quartz/images/iglo-quartz-cimstone.avif,https://top-blat.ro/wp-content/uploads/2025/10/IGLO-CIMSTONE.avif,https://top-blat.ro/produs/iglo-quartz-cimstone/
149,Imagine Grey – Quartz Technistone,Technistone,Cuarț Compozit,"3.455,658 lei/mp",culori_quartz/images/imagine-grey-quartz-technistone.avif,https://top-blat.ro/wp-content/uploads/2025/10/IMAGINE-GREY-3-TECHNISTONE.avif,https://top-blat.ro/produs/imagine-grey-quartz-technistone/
150,Kalynda – Quartz Coante,Coante,Cuarț Compozit,"1.974,159 lei/mp",culori_quartz/images/kalynda-quartz-coante.avif,https://top-blat.ro/wp-content/uploads/2024/03/Kalynda-quartz-compozit.avif,https://top-blat.ro/produs/kalynda-quartz-coante/
151,Katanya – Quartz Cimstone,Cimstone,Cuarț Compozit,"2.218,500 lei/mp",culori_quartz/images/katanya-quartz-cimstone.avif,https://top-blat.ro/wp-content/uploads/2025/10/KATANYA-CIMSTONE.avif,https://top-blat.ro/produs/katanya-quartz-cimstone/
152,Kaunos – Quartz Coante,Coante,Cuarț Compozit,"1.974,159 lei/mp",culori_quartz/images/kaunos-quartz-coante.avif,https://top-blat.ro/wp-content/uploads/2024/03/kaunos-quartz-compozit.avif,https://top-blat.ro/produs/kaunos-quartz-coante/
153,Kensho – Quartz Silestone,Silestone,Cuarț Compozit,"6.380,049 lei/mp",culori_quartz/images/kensho-quartz-silestone.avif,https://top-blat.ro/wp-content/uploads/2025/10/KENSHO-2-SILESTONE.avif,https://top-blat.ro/produs/kensho-quartz-silestone/
154,Keramos – Quartz Coante,Coante,Cuarț Compozit,"1.974,159 lei/mp",culori_quartz/images/keramos-quartz-coante.avif,https://top-blat.ro/wp-content/uploads/2024/03/keramos-quartz-compozit.avif,https://top-blat.ro/produs/keramos-quartz-coante/
155,Kone Mixt – Ceramica Atlas Plan,Atlas Plan,Ceramică Sinterizată,"2.448,000 lei/mp",culori_quartz/images/kone-mixt-ceramica-atlas-plan.webp,https://top-blat.ro/wp-content/uploads/2025/10/KONE-MIX-2-ATLAS-PLAN.webp,https://top-blat.ro/produs/kone-mixt-ceramica-atlas-plan/
156,Lagoon – Quartz Silestone,Silestone,Cuarț Compozit,"4.766,409 lei/mp",culori_quartz/images/lagoon-quartz-silestone.avif,https://top-blat.ro/wp-content/uploads/2025/10/LAGOON-2-SILESTONE.avif,https://top-blat.ro/produs/lagoon-quartz-silestone/
157,Lapland – Quartz Cimstone,Cimstone,Cuarț Compozit,"2.218,500 lei/mp",culori_quartz/images/lapland-quartz-cimstone.avif,https://top-blat.ro/wp-content/uploads/2025/10/LAPLAND-CIMSTONE.avif,https://top-blat.ro/produs/lapland-quartz-cimstone/
158,Lebedos – Quartz Cimstone,Cimstone,Cuarț Compozit,"2.218,500 lei/mp",culori_quartz/images/lebedos-quartz-cimstone.avif,https://top-blat.ro/wp-content/uploads/2025/10/LEBEDOS-CIMSTONE.avif,https://top-blat.ro/produs/lebedos-quartz-cimstone/
159,Light Grey Stone – Ceramica Atlas Plane,Atlas Plan,Ceramică Sinterizată,"2.448,000 lei/mp",culori_quartz/images/light-grey-stone-ceramica-atlas-plane.webp,https://top-blat.ro/wp-content/uploads/2025/10/LIGHT-GREY-STONE-2-ATLAS-PLAN.webp,https://top-blat.ro/produs/light-grey-stone-ceramica-atlas-plane/
160,Lime Delight – Quartz Silestone,Silestone,Cuarț Compozit,"4.766,409 lei/mp",culori_quartz/images/lime-delight-quartz-silestone.avif,https://top-blat.ro/wp-content/uploads/2025/10/LIME-DELIGHT-2-SILESTONE.avif,https://top-blat.ro/produs/lime-delight-quartz-silestone/
161,Lusso – Quartz Silestone,Silestone,Cuarț Compozit,"6.380,049 lei/mp",culori_quartz/images/lusso-quartz-silestone.avif,https://top-blat.ro/wp-content/uploads/2025/10/LUSSO-2-SILESTONE.avif,https://top-blat.ro/produs/lusso-quartz-silestone/
162,Lyra – Quartz Silestone,Silestone,Cuarț Compozit,"6.380,049 lei/mp",culori_quartz/images/lyra-quartz-silestone.avif,https://top-blat.ro/wp-content/uploads/2025/10/LYRA-2-SILESTONE.avif,https://top-blat.ro/produs/lyra-quartz-silestone/
163,Magnetite- Quartz Coante,Coante,Cuarț Compozit,"1.902,861 lei/mp",culori_quartz/images/magnetite-quartz-coante.avif,https://top-blat.ro/wp-content/uploads/2024/03/Magnetite-quartz-compozit.avif,https://top-blat.ro/produs/magnetite-quartz-coante/
164,Magnificent – Quartz Coante,Coante,Cuarț Compozit,"2.083,860 lei/mp",culori_quartz/images/magnificent-quartz-coante.avif,https://top-blat.ro/wp-content/uploads/2024/03/Magnificent-quartz-compozit.avif,https://top-blat.ro/produs/magnificent-quartz-coante/
165,Majestic Brown Ultra – Quartz Coante,Coante,Cuarț Compozit,"2.972,637 lei/mp",culori_quartz/images/majestic-brown-ultra-quartz-coante.avif,https://top-blat.ro/wp-content/uploads/2025/10/Majestic-Brown-Ultra-2-1.avif,https://top-blat.ro/produs/majestic-brown-ultra-quartz-coante/
166,Marengo – Quartz Silestone,Silestone,Cuarț Compozit,"3.847,899 lei/mp",culori_quartz/images/marengo-quartz-silestone.avif,https://top-blat.ro/wp-content/uploads/2025/10/MORENGO-2-SILESTONE.avif,https://top-blat.ro/produs/marengo-quartz-silestone/
167,Miami Vena – Quartz Silestone,Silestone,Cuarț Compozit,"4.766,409 lei/mp",culori_quartz/images/miami-vena-quartz-silestone.avif,https://top-blat.ro/wp-content/uploads/2025/10/MIAMI-VENA-2-SILESTONE.avif,https://top-blat.ro/produs/miami-vena-quartz-silestone/
168,Miami White – Quartz Silestone,Silestone,Cuarț Compozit,"4.418,844 lei/mp",culori_quartz/images/miami-white-quartz-silestone.avif,https://top-blat.ro/wp-content/uploads/2025/10/MIAMI-WHITE-2-SILESTONE.avif,https://top-blat.ro/produs/miami-white-quartz-silestone/
169,Milet – Quartz Coante,Coante,Cuarț Compozit,"1.974,159 lei/mp",culori_quartz/images/milet-quartz-coante.avif,https://top-blat.ro/wp-content/uploads/2024/03/Milet-quartz-compozit.avif,https://top-blat.ro/produs/milet-quartz-coante/
170,Mora – Quartz Cimstone,Cimstone,Cuarț Compozit,"2.218,500 lei/mp",culori_quartz/images/mora-quartz-cimstone.avif,https://top-blat.ro/wp-content/uploads/2025/10/MORA-CIMSTONE.avif,https://top-blat.ro/produs/mora-quartz-cimstone/
171,Mystery White – Quartz Technistone,Technistone,Cuarț Compozit,"3.217,335 lei/mp",culori_quartz/images/mystery-white-quartz-technistone.avif,https://top-blat.ro/wp-content/uploads/2025/10/MYSTERY-WHITE-3-TECHNISTONE.avif,https://top-blat.ro/produs/mystery-white-quartz-technistone/
172,Mystic Blue – Quartz Coante,Coante,Cuarț Compozit,"1.974,159 lei/mp",culori_quartz/images/mystic-blue-quartz-coante.avif,https://top-blat.ro/wp-content/uploads/2024/03/Mystic-Blue-quartz-coante.avif,https://top-blat.ro/produs/mystic-blue-quartz-coante/
173,Narcissus – Quartz Coante,Coante,Cuarț Compozit,"1.946,721 lei/mp",culori_quartz/images/narcissus-quartz-coante.avif,https://top-blat.ro/wp-content/uploads/2024/03/Narcissus-quartz-compozit.avif,https://top-blat.ro/produs/narcissus-quartz-coante/
174,Natural Roots – Ceramica Atlas Plan,Atlas Plan,Ceramică Sinterizată,"2.448,000 lei/mp",culori_quartz/images/natural-roots-ceramica-atlas-plan.webp,https://top-blat.ro/wp-content/uploads/2025/10/NATURAL-ROOTS-2-ATLAS-PLAN.webp,https://top-blat.ro/produs/natural-roots-ceramica-atlas-plan/
175,Negresco – Ceramica Atlas Plan,Atlas Plan,Ceramică Sinterizată,"2.448,000 lei/mp",culori_quartz/images/negresco-ceramica-atlas-plan.webp,https://top-blat.ro/wp-content/uploads/2025/10/NEGRESCO-2-ATLAS-PLAN.webp,https://top-blat.ro/produs/negresco-ceramica-atlas-plan/
176,Negro Stellar – Quartz Silestone,Silestone,Cuarț Compozit,"4.766,409 lei/mp",culori_quartz/images/negro-stellar-quartz-silestone.avif,https://top-blat.ro/wp-content/uploads/2025/10/NEGRO-STELLAR-2-SILESTONE.avif,https://top-blat.ro/produs/negro-stellar-quartz-silestone/
177,Negro Tebas – Quartz Silestone,Silestone,Cuarț Compozit,"4.418,844 lei/mp",culori_quartz/images/negro-tebas-quartz-silestone.avif,https://top-blat.ro/wp-content/uploads/2025/10/NEGRO-TEBAS-18-2-SILESTONE.avif,https://top-blat.ro/produs/negro-tebas-quartz-silestone/
178,Nero Assoluto – Ceramica Laminam,Laminam,Ceramică Sinterizată,"2.268,888 lei/mp",culori_quartz/images/nero-assoluto-ceramica-laminam.avif,https://top-blat.ro/wp-content/uploads/2025/10/NERO-ASSOLUTO-2-LAMINAM-2.avif,https://top-blat.ro/produs/nero-assoluto-ceramica-laminam/
179,Nero Greco Natural – Ceramica Laminam,Laminam,Ceramică Sinterizată,"2.210,340 lei/mp",culori_quartz/images/nero-greco-natural-ceramica-laminam.avif,https://top-blat.ro/wp-content/uploads/2025/10/NERO-GRECO-NATURAL-2-LAMINAM-2.avif,https://top-blat.ro/produs/nero-greco-natural-ceramica-laminam/
180,Nero Marquina – Ceramica Atlas Plan,Atlas Plan,Ceramică Sinterizată,"2.448,000 lei/mp",culori_quartz/images/nero-marquina-ceramica-atlas-plan.webp,https://top-blat.ro/wp-content/uploads/2025/10/NERO-MARQUINA-2-ATLAS-PLAN.webp,https://top-blat.ro/produs/nero-marquina-ceramica-atlas-plan/
181,Niebla – Quartz Silestone,Silestone,Cuarț Compozit,"4.418,844 lei/mp",culori_quartz/images/niebla-quartz-silestone.avif,https://top-blat.ro/wp-content/uploads/2025/10/NIEBLA-2-SILESTONE.avif,https://top-blat.ro/produs/niebla-quartz-silestone/
182,Noble Arco – Quartz Technistone,Technistone,Cuarț Compozit,"2.625,174 lei/mp",culori_quartz/images/noble-arco-quartz-technistone.avif,https://top-blat.ro/wp-content/uploads/2025/10/NOBLE-ARCO-3-TECHNISTONE.avif,https://top-blat.ro/produs/noble-arco-quartz-technistone/
183,Noble Areti Bianco – Quartz Technistone,Technistone,Cuarț Compozit,"2.970,087 lei/mp",culori_quartz/images/noble-areti-bianco-quartz-technistone.avif,https://top-blat.ro/wp-content/uploads/2025/10/NOBLE-ARETI-BIANCO-3-TECHNISTONE.avif,https://top-blat.ro/produs/noble-areti-bianco-quartz-technistone/
184,Noble Athos Brown – Quartz Technistone,Technistone,Cuarț Compozit,"2.605,998 lei/mp",culori_quartz/images/noble-athos-brown-quartz-technistone.avif,https://top-blat.ro/wp-content/uploads/2025/10/NOBLE-ATHOS-BROWN-3-TECHNISTONE.avif,https://top-blat.ro/produs/noble-athos-brown-quartz-technistone/
185,Noble Botticino – Quartz Technistone,Technistone,Cuarț Compozit,"2.050,302 lei/mp",culori_quartz/images/noble-botticino-quartz-technistone.avif,https://top-blat.ro/wp-content/uploads/2025/10/NOBLE-BOTTICINO-3-TECHNISTONE.avif,https://top-blat.ro/produs/noble-botticino-quartz-technistone/
186,Noble Carrara – Quartz Technistone,Technistone,Cuarț Compozit,"2.625,174 lei/mp",culori_quartz/images/noble-carrara-quartz-technistone.avif,https://top-blat.ro/wp-content/uploads/2025/10/NOBLE-CARRARA-3-TECHNISTONE.avif,https://top-blat.ro/produs/noble-carrara-quartz-technistone/
187,Noble Concrete Grey – Quartz Technistone,Technistone,Cuarț Compozit,"2.376,090 lei/mp",culori_quartz/images/noble-concrete-grey-quartz-technistone.avif,https://top-blat.ro/wp-content/uploads/2025/10/NOBLE-CONCRETE-GREY-3-TECHNISTONE.avif,https://top-blat.ro/produs/noble-concrete-grey-quartz-technistone/
188,Noble Imperial Grey – Quartz Technistone,Technistone,Cuarț Compozit,"2.970,087 lei/mp",culori_quartz/images/noble-imperial-grey-quartz-technistone.avif,https://top-blat.ro/wp-content/uploads/2025/10/NOBLE-IMPERIAL-GREY-3-TECHNISTONE.avif,https://top-blat.ro/produs/noble-imperial-grey-quartz-technistone/
189,Noble Ivory White – Quartz Technistone,Technistone,Cuarț Compozit,"2.376,090 lei/mp",culori_quartz/images/noble-ivory-white-quartz-technistone.avif,https://top-blat.ro/wp-content/uploads/2025/10/NOBLE-IVORY-WHITE-3-TECHNISTONE.avif,https://top-blat.ro/produs/noble-ivory-white-quartz-technistone/
190,Noble Linea – Quartz Technistone,Technistone,Cuarț Compozit,"2.625,174 lei/mp",culori_quartz/images/noble-linea-quartz-technistone.avif,https://top-blat.ro/wp-content/uploads/2025/10/NOBLE-LINEA-3-TECHNISTONE.avif,https://top-blat.ro/produs/noble-linea-quartz-technistone/
191,Noble Olympos Mist – Quartz Technistone,Technistone,Cuarț Compozit,"2.970,087 lei/mp",culori_quartz/images/noble-olympos-mist-quartz-technistone.avif,https://top-blat.ro/wp-content/uploads/2025/10/NOBLE-OLYMPOS-MIST-3-TECHNISTONE.avif,https://top-blat.ro/produs/noble-olympos-mist-quartz-technistone/
192,Noble Pietra Grey – Quartz Technistone,Technistone,Cuarț Compozit,"2.376,090 lei/mp",culori_quartz/images/noble-pietra-grey-quartz-technistone.avif,https://top-blat.ro/wp-content/uploads/2025/10/NOBLE-PIETRA-GREY-3-TECHNISTONE.avif,https://top-blat.ro/produs/noble-pietra-grey-quartz-technistone/
193,Noble Portland Grey – Quartz Technistone,Technistone,Cuarț Compozit,"2.261,085 lei/mp",culori_quartz/images/noble-portland-grey-quartz-technistone.avif,https://top-blat.ro/wp-content/uploads/2025/10/NOBLE-PORTLAND-GREY-3-TECHNISTONE.avif,https://top-blat.ro/produs/noble-portland-grey-quartz-technistone/
194,Noble Pro Cloud – Quartz Technistone,Technistone,Cuarț Compozit,"2.261,085 lei/mp",culori_quartz/images/noble-pro-cloud-quartz-technistone.avif,https://top-blat.ro/wp-content/uploads/2025/10/NOBLE-PRO-CLOUD-3-TECHNISTONE.avif,https://top-blat.ro/produs/noble-pro-cloud-quartz-technistone/
195,Noble Pro Frost – Quartz Technistone,Technistone,Cuarț Compozit,"2.261,085 lei/mp",culori_quartz/images/noble-pro-frost-quartz-technistone.avif,https://top-blat.ro/wp-content/uploads/2025/10/NOBLE-PRO-FROST-3-TECHNISTONE.avif,https://top-blat.ro/produs/noble-pro-frost-quartz-technistone/
196,Noble Pro Storm – Quartz Technistone,Technistone,Cuarț Compozit,"2.261,085 lei/mp",culori_quartz/images/noble-pro-storm-quartz-technistone.avif,https://top-blat.ro/wp-content/uploads/2025/10/NOBLE-PRO-STORM-3-TECHNISTONE.avif,https://top-blat.ro/produs/noble-pro-storm-quartz-technistone/
197,Noble Quartzite – Quartz Technistone,Technistone,Cuarț Compozit,"2.625,174 lei/mp",culori_quartz/images/noble-quartzite-quartz-technistone.avif,https://top-blat.ro/wp-content/uploads/2025/10/NOBLE-QUARTZITE-3-TECHNISTONE.avif,https://top-blat.ro/produs/noble-quartzite-quartz-technistone/
198,Noble Supreme White – Quartz Technistone,Technistone,Cuarț Compozit,"2.970,087 lei/mp",culori_quartz/images/noble-supreme-white-quartz-technistone.webp,https://top-blat.ro/wp-content/uploads/2025/10/NOBLE-SUPREME-WHITE-2-TECHNISTONE.webp,https://top-blat.ro/produs/noble-supreme-white-quartz-technistone/
199,Noble Supreme White – Quartz Technistone,Technistone,Cuarț Compozit,"2.970,087 lei/mp",culori_quartz/images/noble-supreme-white-quartz-technistone-2.webp,https://top-blat.ro/wp-content/uploads/2025/10/NOBLE-SUPREME-WHITE-2-TECHNISTONE-1.webp,https://top-blat.ro/produs/noble-supreme-white-quartz-technistone-2/
200,Noble Troya – Quartz Technistone,Technistone,Cuarț Compozit,"1.590,435 lei/mp",culori_quartz/images/noble-troya-quartz-technistone.avif,https://top-blat.ro/wp-content/uploads/2025/10/NOBLE-TROYA-3-TECHNISTONE.avif,https://top-blat.ro/produs/noble-troya-quartz-technistone/
201,Noble Villa – Quartz Technistone,Technistone,Cuarț Compozit,"2.970,087 lei/mp",culori_quartz/images/noble-villa-quartz-technistone.avif,https://top-blat.ro/wp-content/uploads/2025/10/NOBLE-VILLA-3-TECHNISTONE.avif,https://top-blat.ro/produs/noble-villa-quartz-technistone/
202,Noble Vintage – Quartz Technistone,Technistone,Cuarț Compozit,"2.261,085 lei/mp",culori_quartz/images/noble-vintage-quartz-technistone.avif,https://top-blat.ro/wp-content/uploads/2025/10/NOBLE-VINTAGE-3-TECHNISTONE.avif,https://top-blat.ro/produs/noble-vintage-quartz-technistone/
203,Noce Canaletto – Ceramica Atlas Plan,Atlas Plan,Ceramică Sinterizată,"2.448,000 lei/mp",culori_quartz/images/noce-canaletto-ceramica-atlas-plan.webp,https://top-blat.ro/wp-content/uploads/2025/10/NOCE-CANALETTO-2-ATLAS-PLAN.webp,https://top-blat.ro/produs/noce-canaletto-ceramica-atlas-plan/
204,Noir Desir Lucidato – Ceramica Laminam,Laminam,Ceramică Sinterizată,"2.412,606 lei/mp",culori_quartz/images/noir-desir-lucidato-ceramica-laminam.avif,https://top-blat.ro/wp-content/uploads/2025/10/NOIR-DESIR-LUCIDATO-2-LAMINAM-3.avif,https://top-blat.ro/produs/noir-desir-lucidato-ceramica-laminam/
205,Noir Desir Natural – Ceramica Laminam,Laminam,Ceramică Sinterizată,"2.210,340 lei/mp",culori_quartz/images/noir-desir-natural-ceramica-laminam.avif,https://top-blat.ro/wp-content/uploads/2025/10/NOIR-DESIR-NATURAL-2-LAMINAM-2.avif,https://top-blat.ro/produs/noir-desir-natural-ceramica-laminam/
206,Noka – Quartz Silestone,Silestone,Cuarț Compozit,"3.847,899 lei/mp",culori_quartz/images/noka-quartz-silestone.avif,https://top-blat.ro/wp-content/uploads/2025/10/NOKA-1-SILESTONE.avif,https://top-blat.ro/produs/noka-quartz-silestone/
207,Nolita – Quartz Silestone,Silestone,Cuarț Compozit,"6.380,049 lei/mp",culori_quartz/images/nolita-quartz-silestone.avif,https://top-blat.ro/wp-content/uploads/2025/10/NOLITA-2-SILESTONE.avif,https://top-blat.ro/produs/nolita-quartz-silestone/
208,Nyra Ambrosia – Ceramica Atlas Plan,Atlas Plan,Ceramică Sinterizată,"2.448,000 lei/mp",culori_quartz/images/nyra-ambrosia-ceramica-atlas-plan.webp,https://top-blat.ro/wp-content/uploads/2025/10/NYRA-AMBROSIA-2-ATLAS-PLAN.webp,https://top-blat.ro/produs/nyra-ambrosia-ceramica-atlas-plan/
209,Nyra Hay – Ceramica Atlas Plan,Atlas Plan,Ceramică Sinterizată,"2.448,000 lei/mp",culori_quartz/images/nyra-hay-ceramica-atlas-plan.webp,https://top-blat.ro/wp-content/uploads/2025/10/NYRA-HAY-2-ATLAS-PLAN.webp,https://top-blat.ro/produs/nyra-hay-ceramica-atlas-plan/
210,Nyra Mist – Ceramica Atlas Plan,Atlas Plan,Ceramică Sinterizată,"2.448,000 lei/mp",culori_quartz/images/nyra-mist-ceramica-atlas-plan.webp,https://top-blat.ro/wp-content/uploads/2025/10/NYRA-MIST-2-ATLAS-PLAN.webp,https://top-blat.ro/produs/nyra-mist-ceramica-atlas-plan/
211,Ocean Jasper F – Quartz Silestone,Silestone,Cuarț Compozit,"6.950,994 lei/mp",culori_quartz/images/ocean-jasper-f-quartz-silestone.avif,https://top-blat.ro/wp-content/uploads/2025/10/OCEAN-JASPER-F-2-SILESTONE.avif,https://top-blat.ro/produs/ocean-jasper-f-quartz-silestone/
212,Ocean Storm – Quartz Silestone,Silestone,Cuarț Compozit,"6.950,994 lei/mp",culori_quartz/images/ocean-storm-quartz-silestone.avif,https://top-blat.ro/wp-content/uploads/2025/10/OCEAN-STORM-2-SILESTONE.avif,https://top-blat.ro/produs/ocean-storm-quartz-silestone/
213,Olympos – Quartz Cimstone,Cimstone,Cuarț Compozit,"2.218,500 lei/mp",culori_quartz/images/olympos-quartz-cimstone.avif,https://top-blat.ro/wp-content/uploads/2025/10/OLYMPOS-CIMSTONE.avif,https://top-blat.ro/produs/olympos-quartz-cimstone/
214,Onyx Ivory – Ceramica Atlas Plan,Atlas Plan,Ceramică Sinterizată,"2.448,000 lei/mp",culori_quartz/images/onyx-ivory-ceramica-atlas-plan.webp,https://top-blat.ro/wp-content/uploads/2025/10/ONYX-IVORY-2-ATLAS-PLAN.webp,https://top-blat.ro/produs/onyx-ivory-ceramica-atlas-plan/
215,Onyx White – Ceramica Atlas Plan,Atlas Plan,Ceramică Sinterizată,"2.448,000 lei/mp",culori_quartz/images/onyx-white-ceramica-atlas-plan.webp,https://top-blat.ro/wp-content/uploads/2025/10/ONYX-WHITE-2-ATLAS-PLAN.webp,https://top-blat.ro/produs/onyx-white-ceramica-atlas-plan/
216,Parisien Bleu – Quartz Silestone,Silestone,Cuarț Compozit,"9.309,387 lei/mp",culori_quartz/images/parisien-bleu-quartz-silestone.avif,https://top-blat.ro/wp-content/uploads/2025/10/PARISIEN-BLEU-2-SILESTONE.avif,https://top-blat.ro/produs/parisien-bleu-quartz-silestone/
217,Pearl Alba – Quartz Technistone,Technistone,Cuarț Compozit,"2.721,003 lei/mp",culori_quartz/images/pearl-alba-quartz-technistone.avif,https://top-blat.ro/wp-content/uploads/2025/10/PEARL-ALBA-3-TECHNISTONE.avif,https://top-blat.ro/produs/pearl-alba-quartz-technistone/
218,Pearl Delta – Quartz Technistone,Technistone,Cuarț Compozit,"2.970,087 lei/mp",culori_quartz/images/pearl-delta-quartz-technistone.avif,https://top-blat.ro/wp-content/uploads/2025/10/PEARL-DELTA-3-TECHNISTONE.avif,https://top-blat.ro/produs/pearl-delta-quartz-technistone/
219,Perl Jeasmine – Quartz Silestone,Silestone,Cuarț Compozit,"6.380,049 lei/mp",culori_quartz/images/perl-jeasmine-quartz-silestone.avif,https://top-blat.ro/wp-content/uploads/2025/10/PEARL-JASMINE-2-SILESTONE.avif,https://top-blat.ro/produs/perl-jeasmine-quartz-silestone/
220,Pietra – Quartz Silestone,Silestone,Cuarț Compozit,"6.950,994 lei/mp",culori_quartz/images/pietra-quartz-silestone.avif,https://top-blat.ro/wp-content/uploads/2025/10/PIETRA-2-SILESTONE.avif,https://top-blat.ro/produs/pietra-quartz-silestone/
221,Pietra Di Savoia Perla Bocciadato – Ceramica Laminam,Laminam,Ceramică Sinterizată,"2.066,673 lei/mp",culori_quartz/images/pietra-di-savoia-perla-bocciadato-ceramica-laminam.avif,https://top-blat.ro/wp-content/uploads/2025/10/PIETRA-DI-SAVOIA-PERLA-BOCCIARDATA-2-LAMINAM-3.avif,https://top-blat.ro/produs/pietra-di-savoia-perla-bocciadato-ceramica-laminam/
222,Poblenou – Quartz Silestone,Silestone,Cuarț Compozit,"6.380,049 lei/mp",culori_quartz/images/poblenou-quartz-silestone.avif,https://top-blat.ro/wp-content/uploads/2025/10/POBLENOU-2-SILESTONE.avif,https://top-blat.ro/produs/poblenou-quartz-silestone/
223,Posidonia Green – Quartz Silestone,Silestone,Cuarț Compozit,"6.380,049 lei/mp",culori_quartz/images/posidonia-green-quartz-silestone.avif,https://top-blat.ro/wp-content/uploads/2025/10/POSIDONIA-GREEN-2-SILESTONE.avif,https://top-blat.ro/produs/posidonia-green-quartz-silestone/
224,Precious Brown – Ceramica Atlas Plan,Atlas Plan,Ceramică Sinterizată,"2.448,000 lei/mp",culori_quartz/images/precious-brown-ceramica-atlas-plan.webp,https://top-blat.ro/wp-content/uploads/2025/10/PRECIOUS-BROWN-2-ATLAS-PLAN.webp,https://top-blat.ro/produs/precious-brown-ceramica-atlas-plan/
225,Regina – Quartz Coante,Coante,Cuarț Compozit,"1.946,721 lei/mp",culori_quartz/images/regina-quartz-coante.avif,https://top-blat.ro/wp-content/uploads/2024/03/Regina-quartz-compozit.avif,https://top-blat.ro/produs/regina-quartz-coante/
226,Regulus – Quartz Coante,Coante,Cuarț Compozit,"1.946,721 lei/mp",culori_quartz/images/regulus-quartz-coante.avif,https://top-blat.ro/wp-content/uploads/2024/03/regulus-quartz-compozit.avif,https://top-blat.ro/produs/regulus-quartz-coante/
227,Roamano Ricco – Quartz Technistone,Technistone,Cuarț Compozit,"3.217,335 lei/mp",culori_quartz/images/roamano-ricco-quartz-technistone.avif,https://top-blat.ro/wp-content/uploads/2025/10/ROMANO-RICCO-3-TECHNISTONE.avif,https://top-blat.ro/produs/roamano-ricco-quartz-technistone/
228,Romantic Ash – Quartz Silestone,Silestone,Cuarț Compozit,"9.309,387 lei/mp",culori_quartz/images/romantic-ash-quartz-silestone.avif,https://top-blat.ro/wp-content/uploads/2025/10/ROMANTIC-ASH-2-SILESTONE.avif,https://top-blat.ro/produs/romantic-ash-quartz-silestone/
229,Rougui Lena – Quartz Silestone,Silestone,Cuarț Compozit,"3.847,899 lei/mp",culori_quartz/images/rougui-lena-quartz-silestone.avif,https://top-blat.ro/wp-content/uploads/2025/10/ROUGUI-LENA-2-SILESTONE.avif,https://top-blat.ro/produs/rougui-lena-quartz-silestone/
230,Royal Reef – Quartz Silestone,Silestone,Cuarț Compozit,"4.418,844 lei/mp",culori_quartz/images/royal-reef-quartz-silestone.avif,https://top-blat.ro/wp-content/uploads/2025/10/ROYAL-REEF-2-SILESTONE.avif,https://top-blat.ro/produs/royal-reef-quartz-silestone/
231,Sahara Noir Extra Bocciardato BM – Ceramica Laminam,Laminam,Ceramică Sinterizată,"2.210,340 lei/mp",culori_quartz/images/sahara-noir-extra-bocciardato-bm-ceramica-laminam.avif,https://top-blat.ro/wp-content/uploads/2025/10/SAHARA-NOIR-EXTRA-BOCCIARDATA-BM-2-LAMINAM-2.avif,https://top-blat.ro/produs/sahara-noir-extra-bocciardato-bm-ceramica-laminam/
232,Savana – Quartz Cimstone,Cimstone,Cuarț Compozit,"2.218,500 lei/mp",culori_quartz/images/savana-quartz-cimstone.avif,https://top-blat.ro/wp-content/uploads/2025/10/SAVANA-CIMSTONE.avif,https://top-blat.ro/produs/savana-quartz-cimstone/
233,Seaport – Quartz Silestone,Silestone,Cuarț Compozit,"6.380,049 lei/mp",culori_quartz/images/seaport-quartz-silestone.avif,https://top-blat.ro/wp-content/uploads/2025/10/SEAPORT-2-SILESTONE.avif,https://top-blat.ro/produs/seaport-quartz-silestone/
234,Sienna Ridge – Quartz Silestone,Silestone,Cuarț Compozit,"4.766,409 lei/mp",culori_quartz/images/sienna-ridge-quartz-silestone.avif,https://top-blat.ro/wp-content/uploads/2025/10/SIENA-RIDGE-2-SILESTONE.avif,https://top-blat.ro/produs/sienna-ridge-quartz-silestone/
235,Silver Root – Ceramica Atlas Plan,Atlas Plan,Ceramică Sinterizată,"2.448,000 lei/mp",culori_quartz/images/silver-root-ceramica-atlas-plan.webp,https://top-blat.ro/wp-content/uploads/2025/10/SILVER-ROOT-2-ATLAS-PLAN.webp,https://top-blat.ro/produs/silver-root-ceramica-atlas-plan/
236,Sineda – Quartz Cimstone,Cimstone,Cuarț Compozit,"2.218,500 lei/mp",culori_quartz/images/sineda-quartz-cimstone.avif,https://top-blat.ro/wp-content/uploads/2025/10/SINEDA-CIMSTONE.avif,https://top-blat.ro/produs/sineda-quartz-cimstone/
237,Sky Stone – Ceramica Atlas Plan,Atlas Plan,Ceramică Sinterizată,"2.448,000 lei/mp",culori_quartz/images/sky-stone-ceramica-atlas-plan.webp,https://top-blat.ro/wp-content/uploads/2025/10/SKY-STONE-2-ATLAS-PLAN.webp,https://top-blat.ro/produs/sky-stone-ceramica-atlas-plan/
238,Smyrna – Quartz Cimstone,Cimstone,Cuarț Compozit,"2.218,500 lei/mp",culori_quartz/images/smyrna-quartz-cimstone.avif,https://top-blat.ro/wp-content/uploads/2025/10/SMYRNA-CIMSTONE.avif,https://top-blat.ro/produs/smyrna-quartz-cimstone/
239,Snow Flake- Quartz Coante,Coante,Cuarț Compozit,"1.902,861 lei/mp",culori_quartz/images/snow-flake-quartz-coante.avif,https://top-blat.ro/wp-content/uploads/2024/03/Snow-Flake-quartz-compozit.avif,https://top-blat.ro/produs/snow-flake-quartz-coante/
240,Snowy Ibiza – Quartz Silestone,Silestone,Cuarț Compozit,"4.766,409 lei/mp",culori_quartz/images/snowy-ibiza-quartz-silestone.avif,https://top-blat.ro/wp-content/uploads/2025/10/SNOWY-IBIZA-2-SILESTONE.avif,https://top-blat.ro/produs/snowy-ibiza-quartz-silestone/
241,Soapstone Dark – Ceramica Atlas Plan,Atlas Plan,Ceramică Sinterizată,"2.448,000 lei/mp",culori_quartz/images/soapstone-dark-ceramica-atlas-plan.webp,https://top-blat.ro/wp-content/uploads/2025/10/SOAPSTONE-DARK-2-ATLAS-PLAN.webp,https://top-blat.ro/produs/soapstone-dark-ceramica-atlas-plan/
242,Soli – Quartz Cimstone,Cimstone,Cuarț Compozit,"2.218,500 lei/mp",culori_quartz/images/soli-quartz-cimstone.avif,https://top-blat.ro/wp-content/uploads/2025/10/SOLI-CIMSTONE.avif,https://top-blat.ro/produs/soli-quartz-cimstone/
243,Starlet – Quartz Coante,Coante,Cuarț Compozit,"1.946,721 lei/mp",culori_quartz/images/starlet-quartz-coante.avif,https://top-blat.ro/wp-content/uploads/2024/03/Starlet-quartz-compozit.avif,https://top-blat.ro/produs/starlet-quartz-coante/
244,Starlight Black – Quartz Technistone,Technistone,Cuarț Compozit,"2.222,784 lei/mp",culori_quartz/images/starlight-black-quartz-technistone.avif,https://top-blat.ro/wp-content/uploads/2025/10/STARLINGHT-BLACK-3-TECHNISTONE.avif,https://top-blat.ro/produs/starlight-black-quartz-technistone/
245,Starlight White – Quartz Technistone,Technistone,Cuarț Compozit,"2.222,784 lei/mp",culori_quartz/images/starlight-white-quartz-technistone.avif,https://top-blat.ro/wp-content/uploads/2025/10/STARLINGHT-WHITE-3-TECHNISTONE.avif,https://top-blat.ro/produs/starlight-white-quartz-technistone/
246,Statuarietto Natural BM – Ceramica Laminam,Laminam,Ceramică Sinterizată,"2.210,340 lei/mp",culori_quartz/images/statuarietto-natural-bm-ceramica-laminam.avif,https://top-blat.ro/wp-content/uploads/2025/10/STATUARIETTO-NATURAL-BM-2-LAMINAM-3.avif,https://top-blat.ro/produs/statuarietto-natural-bm-ceramica-laminam/
247,Statuario Exclusive – Quartz Coante,Coante,Cuarț Compozit,"2.857,683 lei/mp",culori_quartz/images/statuario-exclusive-quartz-coante.avif,https://top-blat.ro/wp-content/uploads/2025/10/STATUARIO-EXCLUSIVE-2-COANTE-2.avif,https://top-blat.ro/produs/statuario-exclusive-quartz-coante/
248,Statuario Supremo – Ceramica Atlas Plan,Atlas Plan,Ceramică Sinterizată,"2.448,000 lei/mp",culori_quartz/images/statuario-supremo-ceramica-atlas-plan.webp,https://top-blat.ro/wp-content/uploads/2025/10/STATUARIO-SUPREMO-2-ATLAS-PLAN.webp,https://top-blat.ro/produs/statuario-supremo-ceramica-atlas-plan/
249,Statuario Supremo 20 mm – Ceramica Atlas Plan,Atlas Plan,Ceramică Sinterizată,"2.448,000 lei/mp",culori_quartz/images/statuario-supremo-20-mm-ceramica-atlas-plan.webp,https://top-blat.ro/wp-content/uploads/2025/10/STATUARIO-SUPREMO-20-MM-2-ATLAS-PLAN.webp,https://top-blat.ro/produs/statuario-supremo-20-mm-ceramica-atlas-plan/
250,Stelllar Blanco – Quartz Silestone,Silestone,Cuarț Compozit,"4.766,409 lei/mp",culori_quartz/images/stelllar-blanco-quartz-silestone.avif,https://top-blat.ro/wp-content/uploads/2025/10/STELLAR-BLANCO13-2-SILESTONE.avif,https://top-blat.ro/produs/stelllar-blanco-quartz-silestone/
251,Storia Ultra – Quartz Coante,Coante,Cuarț Compozit,"2.972,637 lei/mp",culori_quartz/images/storia-ultra-quartz-coante.avif,https://top-blat.ro/wp-content/uploads/2025/10/STORIA-ULTRA-2-COANTE-2.avif,https://top-blat.ro/produs/storia-ultra-quartz-coante/
252,Taj Mahal – Ceramica Atlas Plan,Atlas Plan,Ceramică Sinterizată,"2.448,000 lei/mp",culori_quartz/images/taj-mahal-ceramica-atlas-plan.webp,https://top-blat.ro/wp-content/uploads/2025/10/TAJ-MAHAL-2-ATLAS-PLAN.webp,https://top-blat.ro/produs/taj-mahal-ceramica-atlas-plan/
253,Taj Mahal Noisette – Ceramica Atlas Plan,Atlas Plan,Ceramică Sinterizată,"2.448,000 lei/mp",culori_quartz/images/taj-mahal-noisette-ceramica-atlas-plan.webp,https://top-blat.ro/wp-content/uploads/2025/10/TAJ-MAHAL-NOISETTE-2-ATLAS-PLAN.webp,https://top-blat.ro/produs/taj-mahal-noisette-ceramica-atlas-plan/
254,Taj Mahal White – Ceramica Atlas Plan,Atlas Plan,Ceramică Sinterizată,"2.448,000 lei/mp",culori_quartz/images/taj-mahal-white-ceramica-atlas-plan.webp,https://top-blat.ro/wp-content/uploads/2025/10/TAJ-MAHAL-WHITE-2-ATLAS-PLAN.webp,https://top-blat.ro/produs/taj-mahal-white-ceramica-atlas-plan/
255,Talia Grey – Quartz Coante,Coante,Cuarț Compozit,"2.794,749 lei/mp",culori_quartz/images/talia-grey-quartz-coante.avif,https://top-blat.ro/wp-content/uploads/2025/10/TALIA-GREY-2-COANTE-1.avif,https://top-blat.ro/produs/talia-grey-quartz-coante/
256,Taurus Black – Quartz Technistone,Technistone,Cuarț Compozit,"1.724,565 lei/mp",culori_quartz/images/taurus-black-quartz-technistone.avif,https://top-blat.ro/wp-content/uploads/2025/10/TAURUS-BLACK-3-TECHNISTONE.avif,https://top-blat.ro/produs/taurus-black-quartz-technistone/
257,Taurus Terazzo Black – Quartz Technistone,Technistone,Cuarț Compozit,"1.494,606 lei/mp",culori_quartz/images/taurus-terazzo-black-quartz-technistone.avif,https://top-blat.ro/wp-content/uploads/2025/10/TAURUS-TERAZZO-BLACK-3-TECHNISTONE.avif,https://top-blat.ro/produs/taurus-terazzo-black-quartz-technistone/
258,Taurus Terazzo Dark – Quartz Technistone,Technistone,Cuarț Compozit,"1.724,565 lei/mp",culori_quartz/images/taurus-terazzo-dark-quartz-technistone.avif,https://top-blat.ro/wp-content/uploads/2025/10/TAURUS-TERAZZO-DARK-3-TECHNISTONE.avif,https://top-blat.ro/produs/taurus-terazzo-dark-quartz-technistone/
259,Taurus Terazzo Grey – Quartz Technistone,Technistone,Cuarț Compozit,"1.494,606 lei/mp",culori_quartz/images/taurus-terazzo-grey-quartz-technistone.avif,https://top-blat.ro/wp-content/uploads/2025/10/TAURUS-TERAZZO-GREY-3-TECHNISTONE.avif,https://top-blat.ro/produs/taurus-terazzo-grey-quartz-technistone/
260,Taurus Terazzo White – Quartz Technistone,Technistone,Cuarț Compozit,"1.724,565 lei/mp",culori_quartz/images/taurus-terazzo-white-quartz-technistone.avif,https://top-blat.ro/wp-content/uploads/2025/10/TAURUS-TERAZZO-WHITE-3-TECHNISTONE.avif,https://top-blat.ro/produs/taurus-terazzo-white-quartz-technistone/
261,Tenera – Quartz Coante,Coante,Cuarț Compozit,"2.972,688 lei/mp",culori_quartz/images/tenera-quartz-coante.avif,https://top-blat.ro/wp-content/uploads/2025/10/TENERA-2-COANTE-2.avif,https://top-blat.ro/produs/tenera-quartz-coante/
262,Terra – Quartz Cimstone,Cimstone,Cuarț Compozit,"2.218,500 lei/mp",culori_quartz/images/terra-quartz-cimstone.avif,https://top-blat.ro/wp-content/uploads/2025/10/TERRA-CIMSTONE.avif,https://top-blat.ro/produs/terra-quartz-cimstone/
263,Thunder Ultra – Quartz Coante,Coante,Cuarț Compozit,"2.972,637 lei/mp",culori_quartz/images/thunder-ultra-quartz-coante.avif,https://top-blat.ro/wp-content/uploads/2025/10/THUNDER-ULTRA-2-COANTE-2.avif,https://top-blat.ro/produs/thunder-ultra-quartz-coante/
264,Tiber – Quartz Cimstone,Cimstone,Cuarț Compozit,"2.218,500 lei/mp",culori_quartz/images/tiber-quartz-cimstone.avif,https://top-blat.ro/wp-content/uploads/2025/10/TIBER-CIMSTONE.avif,https://top-blat.ro/produs/tiber-quartz-cimstone/
265,Toros – Quartz Cimstone,Cimstone,Cuarț Compozit,"2.218,500 lei/mp",culori_quartz/images/toros-quartz-cimstone.avif,https://top-blat.ro/wp-content/uploads/2025/10/TOROS-CIMSTONE.avif,https://top-blat.ro/produs/toros-quartz-cimstone/
266,Toscana Cream – Quartz Silestone,Silestone,Cuarț Compozit,"8.316,417 lei/mp",culori_quartz/images/toscana-cream-quartz-silestone.avif,https://top-blat.ro/wp-content/uploads/2025/10/TOSCANA-CREAM-2-SILESTONE.avif,https://top-blat.ro/produs/toscana-cream-quartz-silestone/
267,Travertino Halo White – Ceramica Atlas Plan,Atlas Plan,Ceramică Sinterizată,"2.448,000 lei/mp",culori_quartz/images/travertino-halo-white-ceramica-atlas-plan.webp,https://top-blat.ro/wp-content/uploads/2025/10/TRAVERTINO-HALO-WHITE-2-ATLAS-PLAN.webp,https://top-blat.ro/produs/travertino-halo-white-ceramica-atlas-plan/
268,Travertino Navona White – Ceramica Atlas Plan,Atlas Plan,Ceramică Sinterizată,"2.448,000 lei/mp",culori_quartz/images/travertino-navona-white-ceramica-atlas-plan.webp,https://top-blat.ro/wp-content/uploads/2025/10/TRAVERTINO-NAVONA-WHITE-2-ATLAS-PLAN.webp,https://top-blat.ro/produs/travertino-navona-white-ceramica-atlas-plan/
269,Travertino Pearl – Ceramica Atlas Plan,Atlas Plan,Ceramică Sinterizată,"2.448,000 lei/mp",culori_quartz/images/travertino-pearl-ceramica-atlas-plan.webp,https://top-blat.ro/wp-content/uploads/2025/10/TRAVERTINO-PEARL-2-ATLAS-PLAN.webp,https://top-blat.ro/produs/travertino-pearl-ceramica-atlas-plan/
270,Travertino Romano Sand – Ceramica Atlas Plan,Atlas Plan,Ceramică Sinterizată,"2.448,000 lei/mp",culori_quartz/images/travertino-romano-sand-ceramica-atlas-plan.webp,https://top-blat.ro/wp-content/uploads/2025/10/TRAVERTINO-ROMANO-SAND-2-ATLAS-PLAN.webp,https://top-blat.ro/produs/travertino-romano-sand-ceramica-atlas-plan/
271,Travertino Romano Silver – Ceramica Atlas Plan,Atlas Plan,Ceramică Sinterizată,"2.448,000 lei/mp",culori_quartz/images/travertino-romano-silver-ceramica-atlas-plan.webp,https://top-blat.ro/wp-content/uploads/2025/10/TRAVERTINO-ROMANO-SILVER-2-ATLAS-PLAN.webp,https://top-blat.ro/produs/travertino-romano-silver-ceramica-atlas-plan/
272,Travertino Sand – Ceramica Atlas Plan,Atlas Plan,Ceramică Sinterizată,"2.448,000 lei/mp",culori_quartz/images/travertino-sand-ceramica-atlas-plan.webp,https://top-blat.ro/wp-content/uploads/2025/10/TRAVERTINO-SAND-2-ATLAS-PLAN.webp,https://top-blat.ro/produs/travertino-sand-ceramica-atlas-plan/
273,Travertino White – Ceramica Atlas Plan,Atlas Plan,Ceramică Sinterizată,"2.448,000 lei/mp",culori_quartz/images/travertino-white-ceramica-atlas-plan.webp,https://top-blat.ro/wp-content/uploads/2025/10/TRAVERTINO-WHITE-2-ATLAS-PLAN.webp,https://top-blat.ro/produs/travertino-white-ceramica-atlas-plan/
274,Troas – Quartz Cimstone,Cimstone,Cuarț Compozit,"2.218,500 lei/mp",culori_quartz/images/troas-quartz-cimstone.avif,https://top-blat.ro/wp-content/uploads/2025/10/TROAS-CIMSTONE.avif,https://top-blat.ro/produs/troas-quartz-cimstone/
275,Tundra – Quartz Cimstone,Cimstone,Cuarț Compozit,"2.218,500 lei/mp",culori_quartz/images/tundra-quartz-cimstone.avif,https://top-blat.ro/wp-content/uploads/2025/10/TUNDRA-CIMSTONE.avif,https://top-blat.ro/produs/tundra-quartz-cimstone/
276,Verde Peak – Quartz Technistone,Technistone,Cuarț Compozit,"3.424,701 lei/mp",culori_quartz/images/verde-peak-quartz-technistone.avif,https://top-blat.ro/wp-content/uploads/2025/10/VERDE-PEAK-3-TECHNISTONE.avif,https://top-blat.ro/produs/verde-peak-quartz-technistone/
277,Verderame Natural – Ceramica Laminam,Laminam,Ceramică Sinterizată,"2.066,673 lei/mp",culori_quartz/images/verderame-natural-ceramica-laminam.avif,https://top-blat.ro/wp-content/uploads/2025/10/VERDERAME-NATURAL-2-LAMINAM-1.avif,https://top-blat.ro/produs/verderame-natural-ceramica-laminam/
278,Versailles Ivory – Quartz Silestone,Silestone,Cuarț Compozit,"9.309,387 lei/mp",culori_quartz/images/versailles-ivory-quartz-silestone.avif,https://top-blat.ro/wp-content/uploads/2025/10/VERSAILLES-IVORY-2-SILESTONE.avif,https://top-blat.ro/produs/versailles-ivory-quartz-silestone/
279,Versillia – Quartz Cimstone,Cimstone,Cuarț Compozit,"2.218,500 lei/mp",culori_quartz/images/versillia-quartz-cimstone.avif,https://top-blat.ro/wp-content/uploads/2025/10/VERSILIA-CIMSTONE.avif,https://top-blat.ro/produs/versillia-quartz-cimstone/
280,Victorian Silver – Quartz Silestone,Silestone,Cuarț Compozit,"9.309,387 lei/mp",culori_quartz/images/victorian-silver-quartz-silestone.avif,https://top-blat.ro/wp-content/uploads/2025/10/VICTORIAN-SILVER-2-SILESTONE.avif,https://top-blat.ro/produs/victorian-silver-quartz-silestone/
281,White Arabesque – Quartz Silestone,Silestone,Cuarț Compozit,"4.766,409 lei/mp",culori_quartz/images/white-arabesque-quartz-silestone.avif,https://top-blat.ro/wp-content/uploads/2025/10/WHITE-ARABESQUE-2-SILESTONE.avif,https://top-blat.ro/produs/white-arabesque-quartz-silestone/
282,White Cloud – Ceramic Atlas Plan,Atlas Plan,Ceramică Sinterizată,"2.448,000 lei/mp",culori_quartz/images/white-cloud-ceramic-atlas-plan.webp,https://top-blat.ro/wp-content/uploads/2025/11/WHITE-CLOUD-2-ATLAS-PLAN.webp,https://top-blat.ro/produs/white-cloud-ceramic-atlas-plan/
283,White Storm – Quartz Silestone,Silestone,Cuarț Compozit,"4.418,844 lei/mp",culori_quartz/images/white-storm-quartz-silestone.avif,https://top-blat.ro/wp-content/uploads/2025/10/WHITE-STORM-14-2-SILESTONE.avif,https://top-blat.ro/produs/white-storm-quartz-silestone/
284,Yukon – Quartz Silestone,Silestone,Cuarț Compozit,"4.766,409 lei/mp",culori_quartz/images/yukon-quartz-silestone.avif,https://top-blat.ro/wp-content/uploads/2025/10/YUKON-2-SILESTONE.avif,https://top-blat.ro/produs/yukon-quartz-silestone/
285,Zenit – Quartz Coante,Coante,Cuarț Compozit,"2.794,749 lei/mp",culori_quartz/images/zenit-quartz-coante.avif,https://top-blat.ro/wp-content/uploads/2025/10/ZENIT-2-COANTE-1.avif,https://top-blat.ro/produs/zenit-quartz-coante/
286,Zephyr – Ceramica Atlas Plan,Atlas Plan,Ceramică Sinterizată,"2.448,000 lei/mp",culori_quartz/images/zephyr-ceramica-atlas-plan.webp,https://top-blat.ro/wp-content/uploads/2025/10/ZEPHYR-2-ATLAS-PLAN.webp,https://top-blat.ro/produs/zephyr-ceramica-atlas-plan/
